-- phpMyAdmin SQL Dump
-- version 4.9.2
-- https://www.phpmyadmin.net/
--
-- Host: 127.0.0.1:3306
-- Generation Time: Oct 09, 2020 at 05:50 PM
-- Server version: 10.4.10-MariaDB
-- PHP Version: 7.2.25

SET SQL_MODE = "NO_AUTO_VALUE_ON_ZERO";
SET AUTOCOMMIT = 0;
START TRANSACTION;
SET time_zone = "+00:00";


/*!40101 SET @OLD_CHARACTER_SET_CLIENT=@@CHARACTER_SET_CLIENT */;
/*!40101 SET @OLD_CHARACTER_SET_RESULTS=@@CHARACTER_SET_RESULTS */;
/*!40101 SET @OLD_COLLATION_CONNECTION=@@COLLATION_CONNECTION */;
/*!40101 SET NAMES utf8mb4 */;

--
-- Database: `ca`
--

-- --------------------------------------------------------

--
-- Table structure for table `ac_messages`
--

DROP TABLE IF EXISTS `ac_messages`;
CREATE TABLE IF NOT EXISTS `ac_messages` (
  `id` int(11) NOT NULL AUTO_INCREMENT,
  `m_from` int(11) NOT NULL DEFAULT 0,
  `m_to` int(11) NOT NULL,
  `message` text COLLATE utf8mb4_unicode_ci NOT NULL,
  `is_read` tinyint(1) NOT NULL DEFAULT 0,
  `m_from_delete` tinyint(1) NOT NULL DEFAULT 0,
  `m_to_delete` tinyint(1) NOT NULL DEFAULT 0,
  `dt_updated` datetime DEFAULT NULL,
  PRIMARY KEY (`id`)
) ENGINE=InnoDB AUTO_INCREMENT=11 DEFAULT CHARSET=utf8mb4 COLLATE=utf8mb4_unicode_ci;

--
-- Dumping data for table `ac_messages`
--

INSERT INTO `ac_messages` (`id`, `m_from`, `m_to`, `message`, `is_read`, `m_from_delete`, `m_to_delete`, `dt_updated`) VALUES
(1, 1, 10, 'hii', 0, 0, 0, '2020-09-09 12:34:27'),
(2, 9, 1, 'hello', 1, 0, 0, '2020-09-14 10:03:40'),
(3, 9, 1, 'this', 1, 0, 0, '2020-09-14 10:07:09'),
(4, 9, 1, 'good', 1, 0, 0, '2020-09-14 10:07:42'),
(5, 9, 1, '123', 1, 0, 0, '2020-09-14 10:08:29'),
(6, 9, 1, 'done', 1, 0, 0, '2020-09-14 10:16:52'),
(7, 9, 1, 'aa', 1, 0, 0, '2020-09-14 10:17:48'),
(8, 9, 1, 'asdasd', 1, 0, 0, '2020-09-14 10:19:46'),
(9, 9, 1, 'asdasd', 1, 0, 0, '2020-09-14 10:20:14'),
(10, 9, 1, 'asdasd', 1, 0, 0, '2020-09-14 10:21:10');

-- --------------------------------------------------------

--
-- Table structure for table `ac_profiles`
--

DROP TABLE IF EXISTS `ac_profiles`;
CREATE TABLE IF NOT EXISTS `ac_profiles` (
  `id` int(11) NOT NULL AUTO_INCREMENT,
  `user_id` int(11) DEFAULT NULL,
  `fullname` varchar(256) COLLATE utf8mb4_unicode_ci DEFAULT NULL,
  `avatar` varchar(256) COLLATE utf8mb4_unicode_ci DEFAULT NULL,
  `status` tinyint(4) NOT NULL DEFAULT 0 COMMENT '0:offline;1:online;2:away;3:busy',
  `dt_updated` datetime DEFAULT NULL,
  PRIMARY KEY (`id`)
) ENGINE=InnoDB AUTO_INCREMENT=2 DEFAULT CHARSET=utf8mb4 COLLATE=utf8mb4_unicode_ci;

--
-- Dumping data for table `ac_profiles`
--

INSERT INTO `ac_profiles` (`id`, `user_id`, `fullname`, `avatar`, `status`, `dt_updated`) VALUES
(1, 1, 'kavadevelopers', NULL, 0, '2020-09-09 12:34:14');

-- --------------------------------------------------------

--
-- Table structure for table `ac_settings`
--

DROP TABLE IF EXISTS `ac_settings`;
CREATE TABLE IF NOT EXISTS `ac_settings` (
  `id` int(11) NOT NULL AUTO_INCREMENT,
  `s_name` varchar(512) COLLATE utf8mb4_unicode_ci DEFAULT NULL,
  `s_value` text COLLATE utf8mb4_unicode_ci DEFAULT NULL,
  `dt_updated` datetime DEFAULT NULL,
  PRIMARY KEY (`id`)
) ENGINE=InnoDB AUTO_INCREMENT=14 DEFAULT CHARSET=utf8mb4 COLLATE=utf8mb4_unicode_ci;

--
-- Dumping data for table `ac_settings`
--

INSERT INTO `ac_settings` (`id`, `s_name`, `s_value`, `dt_updated`) VALUES
(1, 'admin_user_id', '1', '2020-09-08 22:17:04'),
(2, 'pagination_limit', '5', '2020-09-08 22:17:04'),
(3, 'img_upload_path', 'upload', '2020-09-08 22:17:04'),
(4, 'assets_path', 'asset', '2020-09-08 22:17:04'),
(5, 'users_table', 'user', '2020-09-08 22:17:04'),
(6, 'users_col_id', 'id', '2020-09-08 22:17:04'),
(7, 'users_col_email', 'email', '2020-09-08 22:17:04'),
(8, 'site_name', 'AddChat', '2020-09-08 22:17:04'),
(9, 'site_logo', NULL, '2020-09-05 18:32:17'),
(10, 'chat_icon', '1599583624583.png', '2020-09-08 22:17:04'),
(11, 'notification_type', '0', '2020-09-08 22:17:04'),
(12, 'footer_text', '', '2020-09-08 22:17:04'),
(13, 'footer_url', '', '2020-09-08 22:17:04');

-- --------------------------------------------------------

--
-- Table structure for table `ac_users_messages`
--

DROP TABLE IF EXISTS `ac_users_messages`;
CREATE TABLE IF NOT EXISTS `ac_users_messages` (
  `id` int(11) NOT NULL AUTO_INCREMENT,
  `users_id` int(11) NOT NULL,
  `buddy_id` int(11) NOT NULL,
  `messages_count` int(11) NOT NULL DEFAULT 1,
  PRIMARY KEY (`id`),
  UNIQUE KEY `users_id` (`users_id`,`buddy_id`)
) ENGINE=InnoDB AUTO_INCREMENT=3 DEFAULT CHARSET=utf8;

--
-- Dumping data for table `ac_users_messages`
--

INSERT INTO `ac_users_messages` (`id`, `users_id`, `buddy_id`, `messages_count`) VALUES
(1, 1, 10, 1);

-- --------------------------------------------------------

--
-- Table structure for table `areas`
--

DROP TABLE IF EXISTS `areas`;
CREATE TABLE IF NOT EXISTS `areas` (
  `id` int(11) NOT NULL AUTO_INCREMENT,
  `name` text NOT NULL,
  `pincode` text NOT NULL,
  `city` text NOT NULL,
  `df` text NOT NULL,
  PRIMARY KEY (`id`)
) ENGINE=MyISAM AUTO_INCREMENT=3250 DEFAULT CHARSET=latin1;

--
-- Dumping data for table `areas`
--

INSERT INTO `areas` (`id`, `name`, `pincode`, `city`, `df`) VALUES
(1, 'ABASANA', '382120', '1', ''),
(2, 'ADRODA', '382220', '1', ''),
(3, 'ADVAL', '382460', '1', ''),
(4, 'AHMEDABAD.', '380001', '1', ''),
(5, 'AKRU', '382250', '1', ''),
(6, 'ALAMPUR', '363610', '1', ''),
(7, 'ALAU', '382255', '1', ''),
(8, 'AMBALIARA', '387810', '1', ''),
(9, 'AMBARELI', '387810', '1', ''),
(10, 'AMBAWADI', '380006', '1', ''),
(11, 'AMBAWADI VISTAR', '380015', '1', ''),
(12, 'AMBLI', '382463', '1', ''),
(13, 'AMRAIWADI', '380026', '1', ''),
(14, 'ANANDNAGAR', '380007', '1', ''),
(15, 'ANDEJ', '382115', '1', ''),
(16, 'ANIALI ( K )', '363610', '1', ''),
(17, 'ANIALI BHIMJI', '382250', '1', ''),
(18, 'ARNEJ', '382230', '1', ''),
(19, 'ASALGAM', '382150', '1', ''),
(20, 'ASARWA CHAKLA', '380016', '1', ''),
(21, 'ASARWA EXT SOUTH', '380024', '1', ''),
(22, 'ASHOKNAGAR', '382140', '1', ''),
(23, 'ASHRAM ROAD', '380009', '1', ''),
(24, 'ASLALI', '382427', '1', ''),
(25, 'AZAD SOCIETY', '380015', '1', ''),
(26, 'BADANPUR', '382465', '1', ''),
(27, 'BADARKHA', '382276', '1', ''),
(28, 'BAGAD', '382255', '1', ''),
(29, 'BAGODARA', '382230', '1', ''),
(30, 'BAJARDA', '382460', '1', ''),
(31, 'BAKRANA', '382170', '1', ''),
(32, 'BAKROL', '382430', '1', ''),
(33, 'BALDANA', '382240', '1', ''),
(34, 'BALSASAN', '382145', '1', ''),
(35, 'BAMROLI', '382145', '1', ''),
(36, 'BAMSARA', '382240', '1', ''),
(37, 'BAPUNAGAR', '380024', '1', ''),
(38, 'BAREJA', '382425', '1', ''),
(39, 'BARWALA GHELASHA', '382450', '1', ''),
(40, 'BAVALIARY', '382455', '1', ''),
(41, 'BAVLA', '382220', '1', ''),
(42, 'BAVLA MARKET YARD', '382220', '1', ''),
(43, 'BEHRAMPURA', '380022', '1', ''),
(44, 'BELA', '382450', '1', ''),
(45, 'BHADAJ', '380060', '1', ''),
(46, 'BHADANA', '382140', '1', ''),
(47, 'BHADIAD', '382463', '1', ''),
(48, 'BHAIRAVNATH ROAD', '380028', '1', ''),
(49, 'BHANGADH', '382455', '1', ''),
(50, 'BHANKODA', '382140', '1', ''),
(51, 'BHAT', '382210', '1', ''),
(52, 'BHAVDA', '382433', '1', ''),
(53, 'BHAYLA', '382220', '1', ''),
(54, 'BHOJWA', '382150', '1', ''),
(55, 'BHOLAD', '382230', '1', ''),
(56, 'BHOYANI', '382145', '1', ''),
(57, 'BHURKHI', '382230', '1', ''),
(58, 'BHUVALDI', '382430', '1', ''),
(59, 'BILASIA', '382330', '1', ''),
(60, 'BODAKDEV', '380054', '1', ''),
(61, 'BODIA', '363610', '1', ''),
(62, 'BOL', '382170', '1', ''),
(63, 'BOPAL', '380058', '1', ''),
(64, 'BORDIBAZAR VIRAMGAM', '382150', '1', ''),
(65, 'CALICO MILLS', '380022', '1', ''),
(66, 'CANTONMENT', '380004', '1', ''),
(67, 'CHALODA', '382260', '1', ''),
(68, 'CHANDARVA', '382255', '1', ''),
(69, 'CHANDIAL', '382433', '1', ''),
(70, 'CHANDISAR', '382260', '1', ''),
(71, 'CHANDLODIA', '382481', '1', ''),
(72, 'CHANDRANAGAR', '382150', '1', ''),
(73, 'CHANGODAR', '382213', '1', ''),
(74, 'CHARANKI', '382450', '1', ''),
(75, 'CHAREL', '382110', '1', ''),
(76, 'CHAROL', '382120', '1', ''),
(77, 'CHAULAJ', '382433', '1', ''),
(78, 'CHEKHLA', '382115', '1', ''),
(79, 'CHHABASAR', '382220', '1', ''),
(80, 'CHHANIAR', '382140', '1', ''),
(81, 'CHHARODI', '382170', '1', ''),
(82, 'CHHASIANA', '382460', '1', ''),
(83, 'CHIADA', '382220', '1', ''),
(84, 'CHOKDI', '382250', '1', ''),
(85, 'CHUVAL DANGARVA', '382145', '1', ''),
(86, 'CIVIL HOSPITAL', '380016', '1', ''),
(87, 'CTM CHAR RASTA', '380026', '1', ''),
(88, 'D CABIN', '380019', '1', ''),
(89, 'DABHSAR', '382120', '1', ''),
(90, 'DADHANA', '382120', '1', ''),
(91, 'DADUKA', '382110', '1', ''),
(92, 'DADUSAR', '387810', '1', ''),
(93, 'DALOD', '382130', '1', ''),
(94, 'DARAN', '382220', '1', ''),
(95, 'DARIAPUR', '380001', '1', ''),
(96, 'DASLANA', '382150', '1', ''),
(97, 'DAXINI SOCIETY', '380008', '1', ''),
(98, 'DEHGAMDA', '382220', '1', ''),
(99, 'DEKAWADA', '382120', '1', ''),
(100, 'DELHI GATE', '380004', '1', ''),
(101, 'DEO DHOLERA', '382240', '1', ''),
(102, 'DETROJ', '382120', '1', ''),
(103, 'DEVALIYA', '363610', '1', ''),
(104, 'DEVPURA', '382140', '1', ''),
(105, 'DEVTIMOTI', '382213', '1', ''),
(106, 'DHAKDI', '382150', '1', ''),
(107, 'DHAMATVAN', '382435', '1', ''),
(108, 'DHANALA', '382465', '1', ''),
(109, 'DHANDHUKA', '382460', '1', ''),
(110, 'DHANWADA', '382220', '1', ''),
(111, 'DHARPIPLA', '363610', '1', ''),
(112, 'DHEDASANA', '382130', '1', ''),
(113, 'DHINGADA', '382230', '1', ''),
(114, 'DHOLERA', '382455', '1', ''),
(115, 'DHOLI', '382240', '1', ''),
(116, 'DHOLKA', '387810', '1', ''),
(117, 'DIGVIJAYNAGAR', '382470', '1', ''),
(118, 'DISTRICT COURT', '380001', '1', ''),
(119, 'DODAR', '382170', '1', ''),
(120, 'DUDHESHWAR TAVDIPURA', '380004', '1', ''),
(121, 'DUMANA', '382150', '1', ''),
(122, 'DURGI', '382230', '1', ''),
(123, 'ELLISBRIDGE', '380006', '1', ''),
(124, 'ENDLA', '382130', '1', ''),
(125, 'FANGADI', '382110', '1', ''),
(126, 'FATEPUR', '382465', '1', ''),
(127, 'FATEWADI', '382210', '1', ''),
(128, 'FEDRA', '382465', '1', ''),
(129, 'GALSANA', '363610', '1', ''),
(130, 'GAMANPURA', '382120', '1', ''),
(131, 'GAMDI', '382435', '1', ''),
(132, 'GAMPH', '382465', '1', ''),
(133, 'GANDHI ASHRAM', '380027', '1', ''),
(134, 'GANDHI ROAD', '380001', '1', ''),
(135, 'GANGAD', '382240', '1', ''),
(136, 'GANOL', '382265', '1', ''),
(137, 'GARODIA', '382115', '1', ''),
(138, 'GATRAD', '382449', '1', ''),
(139, 'GERATPUR', '382435', '1', ''),
(140, 'GHATISANA', '382140', '1', ''),
(141, 'GHATLODIA', '380061', '1', ''),
(142, 'GHEEKANTA ROAD', '380001', '1', ''),
(143, 'GHODA', '382150', '1', ''),
(144, 'GHODASAR', '380050', '1', ''),
(145, 'GHUMA', '380058', '1', ''),
(146, 'GIRDHARNAGAR', '380004', '1', ''),
(147, 'GIRMATHA', '382425', '1', ''),
(148, 'GITA MANDIR ROAD', '380022', '1', ''),
(149, 'GODHAVATA', '382255', '1', ''),
(150, 'GODHAVI', '382115', '1', ''),
(151, 'GOGLA', '382463', '1', ''),
(152, 'GOMTIPUR', '380021', '1', ''),
(153, 'GORAIYA', '382150', '1', ''),
(154, 'GORAJ', '382110', '1', ''),
(155, 'GORASU', '382463', '1', ''),
(156, 'GOTA', '382481', '1', ''),
(157, 'GUJARAT HIGH COURT', '380060', '1', ''),
(158, 'GUJARAT UNIVERSITY', '380009', '1', ''),
(159, 'GUNDA', '382255', '1', ''),
(160, 'GUNDI SARVODAYA ASHRAM', '382230', '1', ''),
(161, 'GUNJALA', '382120', '1', ''),
(162, 'GUNJAR', '382460', '1', ''),
(163, 'GYASPUR', '382405', '1', ''),
(164, 'HANSALPUR', '382150', '1', ''),
(165, 'HARNIAV', '382435', '1', ''),
(166, 'HATHIJAN', '382445', '1', ''),
(167, 'HEBATPUR', '382455', '1', ''),
(168, 'HIRAPUR', '382435', '1', ''),
(169, 'HIRAPURA', '382150', '1', ''),
(170, 'I E BAPUNAGAR', '380024', '1', ''),
(171, 'I I M', '380015', '1', ''),
(172, 'IAWA (VASNA)', '382170', '1', ''),
(173, 'INGOLI', '382265', '1', ''),
(174, 'ISANPUR', '382443', '1', ''),
(175, 'JAGATPUR', '382470', '1', ''),
(176, 'JAKHADA', '382230', '1', ''),
(177, 'JAKWADA', '382150', '1', ''),
(178, 'JALALPUR VAJIFA', '387810', '1', ''),
(179, 'JALAMPUR', '382150', '1', ''),
(180, 'JALILA', '382255', '1', ''),
(181, 'JALISANA', '382120', '1', ''),
(182, 'JALIYA', '382460', '1', ''),
(183, 'JAMALPUR', '380001', '1', ''),
(184, 'JAMP', '382110', '1', ''),
(185, 'JANTANAGAR', '382449', '1', ''),
(186, 'JAWAHAR CHOWK', '380008', '1', ''),
(187, 'JAWARAJ', '382230', '1', ''),
(188, 'JESKA', '382250', '1', ''),
(189, 'JETALPUR', '382426', '1', ''),
(190, 'JHOLAPUR', '382170', '1', ''),
(191, 'JIVRAJ PARK', '380051', '1', ''),
(192, 'JODHPUR CHAR RASTA', '380015', '1', ''),
(193, 'JOSHIPURA', '382150', '1', ''),
(194, 'JUHAPURA', '380055', '1', ''),
(195, 'JUNAPADHAR', '382150', '1', ''),
(196, 'JUVAL', '382220', '1', ''),
(197, 'JUVAL RUPAVATI', '382220', '1', ''),
(198, 'KABIR CHOWK', '380005', '1', ''),
(199, 'KADIPUR', '382463', '1', ''),
(200, 'KADVASAN', '382130', '1', ''),
(201, 'KALANA', '382170', '1', ''),
(202, 'KALI', '382470', '1', ''),
(203, 'KALUPUR CHAKLA', '380001', '1', ''),
(204, 'KALYANGADH', '382240', '1', ''),
(205, 'KAMIALA', '382465', '1', ''),
(206, 'KAMIJALA', '382150', '1', ''),
(207, 'KANBHA', '382430', '1', ''),
(208, 'KANETI', '382110', '1', ''),
(209, 'KANIYEL', '382433', '1', ''),
(210, 'KANKRAVADI', '382150', '1', ''),
(211, 'KANZ', '382140', '1', ''),
(212, 'KARAKTHAL', '382150', '1', ''),
(213, 'KASINDRA', '382210', '1', ''),
(214, 'KATHWADA', '382430', '1', ''),
(215, 'KATHWADA MAIZE PRODUCT', '382430', '1', ''),
(216, 'KATOSAN ROAD', '382145', '1', ''),
(217, 'KAUKA', '382265', '1', ''),
(218, 'KAVITHA', '382260', '1', ''),
(219, 'KELIA VASNA', '387810', '1', ''),
(220, 'KERALA', '382220', '1', ''),
(221, 'KERIA', '363610', '1', ''),
(222, 'KESARDI', '382240', '1', ''),
(223, 'KHADIA', '380001', '1', ''),
(224, 'KHADOL', '382460', '1', ''),
(225, 'KHAMBHADA', '382450', '1', ''),
(226, 'KHAMIDANA', '382450', '1', ''),
(227, 'KHANDACHORA DHANDHUKA', '382460', '1', ''),
(228, 'KHANPUR', '380001', '1', ''),
(229, 'KHARAD', '382460', '1', ''),
(230, 'KHARAKUVA DHOLKA', '387810', '1', ''),
(231, 'KHAS', '382255', '1', ''),
(232, 'KHASTA', '382460', '1', ''),
(233, 'KHODA', '382170', '1', ''),
(234, 'KHODIYAR', '382421', '1', ''),
(235, 'KHODIYARNAGAR', '382350', '1', ''),
(236, 'KHOKARNESH', '363610', '1', ''),
(237, 'KHOKHARA MEHMADABAD', '380008', '1', ''),
(238, 'KHORAJNANODA', '382170', '1', ''),
(239, 'KHUDAD', '382150', '1', ''),
(240, 'KHUN', '382455', '1', ''),
(241, 'KOCHARIA', '382220', '1', ''),
(242, 'KOINTIA', '382140', '1', ''),
(243, 'KOKTA', '382150', '1', ''),
(244, 'KOLAT', '382210', '1', ''),
(245, 'KOTH', '382240', '1', ''),
(246, 'KOTHADIA', '382460', '1', ''),
(247, 'KRISHNANAGAR', '382345', '1', ''),
(248, 'KUBADTHAL', '382430', '1', ''),
(249, 'KUBERNAGAR', '382340', '1', ''),
(250, 'KUBERNAGAR B A', '382340', '1', ''),
(251, 'KUHA', '382433', '1', ''),
(252, 'KUJAD', '382430', '1', ''),
(253, 'KUKVAV', '382120', '1', ''),
(254, 'KUMARKHAN', '382150', '1', ''),
(255, 'KUNDAL', '382110', '1', ''),
(256, 'KUNDLI', '363610', '1', ''),
(257, 'KUNPUR', '382130', '1', ''),
(258, 'KUNVAR', '382110', '1', ''),
(259, 'L G HOSPITAL', '380008', '1', ''),
(260, 'LAL DARWAJA', '380001', '1', ''),
(261, 'LAMBHA', '382405', '1', ''),
(262, 'LAPKAMAN', '380060', '1', ''),
(263, 'LIMBADIA', '382330', '1', ''),
(264, 'LOLIYA', '382465', '1', ''),
(265, 'LOTHAL BHURKHI RS', '382230', '1', ''),
(266, 'M D MARG', '380022', '1', ''),
(267, 'MADHUPURA MARKET', '380004', '1', ''),
(268, 'MADRISANA', '382145', '1', ''),
(269, 'MAHIJADA', '382425', '1', ''),
(270, 'MAKARBA', '380051', '1', ''),
(271, 'MAKHIAV', '382110', '1', ''),
(272, 'MANDAL', '382130', '1', ''),
(273, 'MANEK CHOWK', '380001', '1', ''),
(274, 'MANINAGAR', '380008', '1', ''),
(275, 'MANIPUR', '382150', '1', ''),
(276, 'MANKOL', '382110', '1', ''),
(277, 'MARUSANA', '382120', '1', ''),
(278, 'MATODA', '382213', '1', ''),
(279, 'MEDRA', '382330', '1', ''),
(280, 'MEGHANINGAR', '380016', '1', ''),
(281, 'MELAJ', '382150', '1', ''),
(282, 'MEMNAGAR', '380052', '1', ''),
(283, 'MINGALPUR', '382455', '1', ''),
(284, 'MIROLI', '382425', '1', ''),
(285, 'MITHAPUR', '382230', '1', ''),
(286, 'MODASAR', '382220', '1', ''),
(287, 'MORAIYA', '382213', '1', ''),
(288, 'MOTA TRADIA', '382460', '1', ''),
(289, 'MOTERA', '380005', '1', ''),
(290, 'MOTI KISHOL', '382110', '1', ''),
(291, 'MOTI BORU', '382230', '1', ''),
(292, 'MOTI RANTAI', '382145', '1', ''),
(293, 'MOTI VAVDI', '382255', '1', ''),
(294, 'MUKTIPUR', '382425', '1', ''),
(295, 'MUNICIPAL CORPORATION', '380001', '1', ''),
(296, 'N C MARKET', '380002', '1', ''),
(297, 'N C MILLS', '382345', '1', ''),
(298, 'NADISHALA', '382120', '1', ''),
(299, 'NANA CHILODA', '382330', '1', ''),
(300, 'NANA UBHADA', '382130', '1', ''),
(301, 'NANDEJ', '382435', '1', ''),
(302, 'NANI BORU', '382230', '1', ''),
(303, 'NANI DEVTI', '382220', '1', ''),
(304, 'NANI VAVDI', '363610', '1', ''),
(305, 'NANODARA', '382220', '1', ''),
(306, 'NARANPURA VISTAR', '380013', '1', ''),
(307, 'NARAYANNAGAR', '380007', '1', ''),
(308, 'NARODA', '382330', '1', ''),
(309, 'NARODA I E', '382330', '1', ''),
(310, 'NARODA ROAD', '382345', '1', ''),
(311, 'NARODA S A', '382330', '1', ''),
(312, 'NAROL', '382405', '1', ''),
(313, 'NAVA VADAJ', '380013', '1', ''),
(314, 'NAVAGAM', '382130', '1', ''),
(315, 'NAVAPURA', '382210', '1', ''),
(316, 'NAVDA', '382450', '1', ''),
(317, 'NAVJIVAN', '380014', '1', ''),
(318, 'NAVRANGPURA', '380009', '1', ''),
(319, 'NAYAKPUR', '382130', '1', ''),
(320, 'NEDHARAD', '382115', '1', ''),
(321, 'NESDA', '387810', '1', ''),
(322, 'NIKOL', '382350', '1', ''),
(323, 'NIRNAYNAGAR', '382481', '1', ''),
(324, 'NOBLENAGAR', '382340', '1', ''),
(325, 'O N G C', '380005', '1', ''),
(326, 'ODE', '382427', '1', ''),
(327, 'ODHAV', '382120', '1', ''),
(328, 'ODHAV INDUSTRIAL ESTATE', '382415', '1', ''),
(329, 'OGAN', '382150', '1', ''),
(330, 'OGNAJ', '380060', '1', ''),
(331, 'OTARIA', '382463', '1', ''),
(332, 'OTARIA SARVODAYA ASHRAM', '382463', '1', ''),
(333, 'PADANA', '382460', '1', ''),
(334, 'PALDI', '380007', '1', ''),
(335, 'PALDI KANKAJ', '382425', '1', ''),
(336, 'PANAR', '382140', '1', ''),
(337, 'PANCHHAM', '382465', '1', ''),
(338, 'PANCHHI', '382455', '1', ''),
(339, 'PARABADI', '382250', '1', ''),
(340, 'PARDHOL', '382330', '1', ''),
(341, 'PASUNJ', '382430', '1', ''),
(342, 'PIMPAN', '382110', '1', ''),
(343, 'PIPLI', '382465', '1', ''),
(344, 'PIRANA', '382425', '1', ''),
(345, 'PISAWADA', '382265', '1', ''),
(346, 'POLARPUR', '382250', '1', ''),
(347, 'POLYTECHNIC', '380015', '1', ''),
(348, 'POST BUREAU EXTN COUNTER', '380004', '1', ''),
(349, 'PUBLIC OFFICE', '380016', '1', ''),
(350, 'RAHEMALPUR', '382150', '1', ''),
(351, 'RAIKHAD', '380001', '1', ''),
(352, 'RAILWAY COLONY', '380019', '1', ''),
(353, 'RAILWAYPURA', '380002', '1', ''),
(354, 'RAIPUR', '380001', '1', ''),
(355, 'RAJODA', '382220', '1', ''),
(356, 'RAJPUR GOMTIPUR', '380021', '1', ''),
(357, 'RAJPURA', '363610', '1', ''),
(358, 'RAKHIAL', '380023', '1', ''),
(359, 'RAKHIAL UDYOG VISTAR', '380023', '1', ''),
(360, 'RAKHIANA', '382130', '1', ''),
(361, 'RAMOL', '382449', '1', ''),
(362, 'RAMPUR', '387810', '1', ''),
(363, 'RAMPURA', '382140', '1', ''),
(364, 'RANESAR', '382220', '1', ''),
(365, 'RANGPUR', '382150', '1', ''),
(366, 'RANIP', '382480', '1', ''),
(367, 'RANODA', '387810', '1', ''),
(368, 'RANODRA', '382433', '1', ''),
(369, 'RANPUR', '363610', '1', ''),
(370, 'RASAM', '382220', '1', ''),
(371, 'RAYKA', '382460', '1', ''),
(372, 'REFDA', '382255', '1', ''),
(373, 'RETHAL', '382110', '1', ''),
(374, 'REVDIBAZAR', '380002', '1', ''),
(375, 'RIBADI', '382130', '1', ''),
(376, 'ROHIKA', '382230', '1', ''),
(377, 'ROJID', '382450', '1', ''),
(378, 'ROJKA', '382460', '1', ''),
(379, 'RUDATAL', '382120', '1', ''),
(380, 'RUPAL', '382220', '1', ''),
(381, 'RUPGADH', '382240', '1', ''),
(382, 'S A C', '380015', '1', ''),
(383, 'S A MILLS', '380008', '1', ''),
(384, 'SABARMATI', '380005', '1', ''),
(385, 'SACHANA', '382150', '1', ''),
(386, 'SADATPURA', '382120', '1', ''),
(387, 'SAHIJ', '387810', '1', ''),
(388, 'SAIJPUR', '382405', '1', ''),
(389, 'SAIJPUR BOGHA', '382345', '1', ''),
(390, 'SAIWADA', '387810', '1', ''),
(391, 'SALAJADA', '382220', '1', ''),
(392, 'SALANGPUR - HANUMAN', '382451', '1', ''),
(393, 'SALASAR', '363610', '1', ''),
(394, 'SANAND', '382110', '1', ''),
(395, 'SANATHAL', '382210', '1', ''),
(396, 'SANDHIDA', '382455', '1', ''),
(397, 'SANGASAR', '382463', '1', ''),
(398, 'SANGPURA', '382120', '1', ''),
(399, 'SANKOD', '382220', '1', ''),
(400, 'SARANDI', '387810', '1', ''),
(401, 'SARASPUR', '380018', '1', ''),
(402, 'SARDARNAGAR', '382475', '1', ''),
(403, 'SARGWALA', '382230', '1', ''),
(404, 'SARI', '382220', '1', ''),
(405, 'SARKHEJ', '382210', '1', ''),
(406, 'SARKHEJ ROAD', '380007', '1', ''),
(407, 'SARODA', '382260', '1', ''),
(408, 'SARSAVADI', '382150', '1', ''),
(409, 'SATHAL', '387810', '1', ''),
(410, 'SHAH ALAM ROZA', '380028', '1', ''),
(411, 'SHAHIBAG', '380004', '1', ''),
(412, 'SHAHPUR', '382150', '1', ''),
(413, 'SHAHWADI', '382405', '1', ''),
(414, 'SHARDANAGAR', '380007', '1', ''),
(415, 'SHASTRINAGAR', '380013', '1', ''),
(416, 'SHELA', '380058', '1', ''),
(417, 'SHER', '382130', '1', ''),
(418, 'SHERPURA', '387810', '1', ''),
(419, 'SHILAJ', '380058', '1', ''),
(420, 'SHIVPURA', '382140', '1', ''),
(421, 'SHIYAL', '382230', '1', ''),
(422, 'SIAWADA', '382170', '1', ''),
(423, 'SIHOR', '382140', '1', ''),
(424, 'SIMEJ', '382265', '1', ''),
(425, 'SINAJ', '382120', '1', ''),
(426, 'SINDHAREJ', '387810', '1', ''),
(427, 'SITAPUR', '382130', '1', ''),
(428, 'SOBHASAN', '382145', '1', ''),
(429, 'SODHI', '382463', '1', ''),
(430, 'SOLA', '380060', '1', ''),
(431, 'SOLA H B C', '380013', '1', ''),
(432, 'SOLGAM', '382130', '1', ''),
(433, 'STADIUM MARG', '380013', '1', ''),
(434, 'SUB FOREIGN', '380004', '1', ''),
(435, 'SUKHRAMPURA', '380023', '1', ''),
(436, 'SUNDERIANA', '382255', '1', ''),
(437, 'SUNVALA', '382145', '1', ''),
(438, 'T B NAGAR', '382350', '1', ''),
(439, 'TAGADI', '382250', '1', ''),
(440, 'TELAV', '382210', '1', ''),
(441, 'TELAVI', '382145', '1', ''),
(442, 'THALTEJ', '380059', '1', ''),
(443, 'THALTEJ ROAD', '380054', '1', ''),
(444, 'THORI MUBARAK', '382150', '1', ''),
(445, 'THORI THUMBHA', '382150', '1', ''),
(446, 'THULETA', '382150', '1', ''),
(447, 'TIMBA', '382425', '1', ''),
(448, 'TRAGAD', '382470', '1', ''),
(449, 'TRANSAD', '387810', '1', ''),
(450, 'TRENT', '382150', '1', ''),
(451, 'UGHROJ', '382120', '1', ''),
(452, 'UKARDI', '382140', '1', ''),
(453, 'UKHLOD', '382150', '1', ''),
(454, 'UMRELA', '363610', '1', ''),
(455, 'UNCHADI', '382250', '1', ''),
(456, 'UNDREL', '382433', '1', ''),
(457, 'UPARDAL', '382110', '1', ''),
(458, 'UTELIA', '382230', '1', ''),
(459, 'VADAJ', '380013', '1', ''),
(460, 'VADGAS', '382150', '1', ''),
(461, 'VADHELA', '382450', '1', ''),
(462, 'VADOD', '382433', '1', ''),
(463, 'VAGAD', '363610', '1', ''),
(464, 'VALDHERA', '387810', '1', ''),
(465, 'VALHIA', '382450', '1', ''),
(466, 'VALINDA', '382463', '1', ''),
(467, 'VANCH', '382449', '1', ''),
(468, 'VANI', '382150', '1', ''),
(469, 'VANPARDI', '382130', '1', ''),
(470, 'VANSVA', '382150', '1', ''),
(471, 'VANTHAL', '382150', '1', ''),
(472, 'VARMOR', '382130', '1', ''),
(473, 'VARNA', '382265', '1', ''),
(474, 'VASAI', '382425', '1', ''),
(475, 'VASISTHNAGAR', '380008', '1', ''),
(476, 'VASNA', '382460', '1', ''),
(477, 'VASNA (IAWA)', '382170', '1', ''),
(478, 'VASNA CHACHARVADI', '382213', '1', ''),
(479, 'VASTRAL', '382418', '1', ''),
(480, 'VATAMAN', '382265', '1', ''),
(481, 'VATVA', '382440', '1', ''),
(482, 'VATVA INDUSTRIAL ESTATE', '382445', '1', ''),
(483, 'VAUTHA', '387810', '1', ''),
(484, 'VEHLAL', '382330', '1', ''),
(485, 'VEJALKA', '382230', '1', ''),
(486, 'VEJALPUR', '380051', '1', ''),
(487, 'VEKARIA', '382110', '1', ''),
(488, 'VINCHHAN', '382120', '1', ''),
(489, 'VINCHHIYA', '382110', '1', ''),
(490, 'VINZOL', '382445', '1', ''),
(491, 'VINZUVADA', '382130', '1', ''),
(492, 'VIRAMGAM', '382150', '1', ''),
(493, 'VIRDI', '382265', '1', ''),
(494, 'VIROCHANNAGAR', '382170', '1', ''),
(495, 'VISHALPUR', '382210', '1', ''),
(496, 'VITHLPURA', '382120', '1', ''),
(497, 'ZANU', '382430', '1', ''),
(498, 'ZANZARKA', '382460', '1', ''),
(499, 'ZANZARVA', '382120', '1', ''),
(500, 'ZEZRA', '382150', '1', ''),
(501, 'ZINZAR', '382250', '1', ''),
(502, 'ADRAJ MERDA', '382715', '20', ''),
(503, 'ADUNDRA', '382715', '20', ''),
(504, 'AGLOD', '382870', '20', ''),
(505, 'AGOL', '382165', '20', ''),
(506, 'AITHOR', '384170', '20', ''),
(507, 'AKHAJ', '382710', '20', ''),
(508, 'ALODA', '384205', '20', ''),
(509, 'AMBALA', '384210', '20', ''),
(510, 'AMBALIASAN', '382732', '20', ''),
(511, 'AMBASAN', '384435', '20', ''),
(512, 'AMBAVADA', '384335', '20', ''),
(513, 'AMUDH', '384170', '20', ''),
(514, 'ANKALIYARA', '384330', '20', ''),
(515, 'ASJOL', '384410', '20', ''),
(516, 'BADARPUR', '384355', '20', ''),
(517, 'BALAD', '384325', '20', ''),
(518, 'BALASAR', '382715', '20', ''),
(519, 'BALOL', '384410', '20', ''),
(520, 'BAMANVA', '384355', '20', ''),
(521, 'BAMOSANA', '384120', '20', ''),
(522, 'BASANA', '384001', '20', ''),
(523, 'BAVLU', '382165', '20', ''),
(524, 'BECHARAJI', '384210', '20', ''),
(525, 'BEDASMA MUMANVAS', '384330', '20', ''),
(526, 'BHALAK', '384315', '20', ''),
(527, 'BHALUSANA', '384330', '20', ''),
(528, 'BHANDU', '384120', '20', ''),
(529, 'BHANKHAR', '384170', '20', ''),
(530, 'BHASARIA', '382732', '20', ''),
(531, 'BHATASAN', '382705', '20', ''),
(532, 'BHATVAS', '384350', '20', ''),
(533, 'BHAVSOR', '382870', '20', ''),
(534, 'BHESANA', '384421', '20', ''),
(535, 'BHIMPURA', '384350', '20', ''),
(536, 'BHUNAV', '384130', '20', ''),
(537, 'BILIA', '382870', '20', ''),
(538, 'BOKARWADA', '384120', '20', ''),
(539, 'BORIAVI', '384435', '20', ''),
(540, 'BORISANA (KADI)', '382715', '20', ''),
(541, 'BRAHMANWADA', '384215', '20', ''),
(542, 'BUDASAN', '382715', '20', ''),
(543, 'BUTTA PALDI', '384120', '20', ''),
(544, 'CHADA', '384350', '20', ''),
(545, 'CHADASANA', '384210', '20', ''),
(546, 'CHALUVA', '382732', '20', ''),
(547, 'CHANDRASAN', '382170', '20', ''),
(548, 'CHANSOL', '384325', '20', ''),
(549, 'CHARADU', '382730', '20', ''),
(550, 'CHHABALIA', '384355', '20', ''),
(551, 'CHHATHIARDA', '384205', '20', ''),
(552, 'CHOTIA', '384325', '20', ''),
(553, 'DABHAD', '384325', '20', ''),
(554, 'DABHALA', '382865', '20', ''),
(555, 'DABHI', '384170', '20', ''),
(556, 'DABHODA', '384325', '20', ''),
(557, 'DADHIAL', '384305', '20', ''),
(558, 'DAGAVADIA', '382830', '20', ''),
(559, 'DALISANA', '384325', '20', ''),
(560, 'DANGARWA', '382705', '20', ''),
(561, 'DARAN', '382165', '20', ''),
(562, 'DASAJ', '384170', '20', ''),
(563, 'DAVADA', '384120', '20', ''),
(564, 'DAVOL', '384325', '20', ''),
(565, 'DEDANA', '384210', '20', ''),
(566, 'DELA', '384001', '20', ''),
(567, 'DELOLI', '384410', '20', ''),
(568, 'DELVADA (KHANT)', '384210', '20', ''),
(569, 'DENAP', '384315', '20', ''),
(570, 'DETHALI', '384210', '20', ''),
(571, 'DEUSANA', '382715', '20', ''),
(572, 'DEVDA', '382830', '20', ''),
(573, 'DEVPURA', '382870', '20', ''),
(574, 'DEVRASAN', '382710', '20', ''),
(575, 'DHAMANVA', '384001', '20', ''),
(576, 'DHANALI', '382732', '20', ''),
(577, 'DHARAMPUR', '382165', '20', ''),
(578, 'DHAROI DSC', '384360', '20', ''),
(579, 'DHOLASAN', '382732', '20', ''),
(580, 'DIWANPURA', '384421', '20', ''),
(581, 'DODIWADA', '384210', '20', ''),
(582, 'FALU', '382870', '20', ''),
(583, 'FUDEDA', '382860', '20', ''),
(584, 'FULETRA', '382715', '20', ''),
(585, 'GADHA', '384001', '20', ''),
(586, 'GAMBHU', '384011', '20', ''),
(587, 'GANESHPURA', '382705', '20', ''),
(588, 'GAVADA', '382815', '20', ''),
(589, 'GERITA KOLAVDA RS', '382820', '20', ''),
(590, 'GHANTU DHANPURA', '382870', '20', ''),
(591, 'GHUMASAN', '382705', '20', ''),
(592, 'GORAD', '384228', '20', ''),
(593, 'GORISANA', '384335', '20', ''),
(594, 'GOTHADA', '384330', '20', ''),
(595, 'GOTHVA', '384315', '20', ''),
(596, 'GOZARIA', '382825', '20', ''),
(597, 'GUNDRASAN', '384355', '20', ''),
(598, 'GUNJA', '384315', '20', ''),
(599, 'HADOL', '384350', '20', ''),
(600, 'HAJIPUR', '384170', '20', ''),
(601, 'HIRPURA', '382870', '20', ''),
(602, 'INDRAD', '382715', '20', ''),
(603, 'JAGNATHPURA', '384140', '20', ''),
(604, 'JAGUDAN', '382710', '20', ''),
(605, 'JAKASANA', '384421', '20', ''),
(606, 'JANTRAL', '382861', '20', ''),
(607, 'JASALPUR', '382715', '20', ''),
(608, 'JASKA', '384315', '20', ''),
(609, 'JEPUR', '382870', '20', ''),
(610, 'JESHANGPURA', '382165', '20', ''),
(611, 'JETALVASANA', '384120', '20', ''),
(612, 'JHOTANA', '384421', '20', ''),
(613, 'JHULASAN', '382705', '20', ''),
(614, 'JORNANG', '382732', '20', ''),
(615, 'JUNI SEDHAVI', '382705', '20', ''),
(616, 'KADA', '384305', '20', ''),
(617, 'KADI', '382715', '20', ''),
(618, 'KADI GIDC', '382715', '20', ''),
(619, 'KADI MKT YARD', '382715', '20', ''),
(620, 'KAHIPUR', '384355', '20', ''),
(621, 'KAHODA', '384130', '20', ''),
(622, 'KAIYAL', '382705', '20', ''),
(623, 'KALRI', '384210', '20', ''),
(624, 'KALYANPURA', '382165', '20', ''),
(625, 'KAMANA', '384315', '20', ''),
(626, 'KAMLI', '384140', '20', ''),
(627, 'KANODA', '384212', '20', ''),
(628, 'KANSA', '384315', '20', ''),
(629, 'KANSARAKUI', '384001', '20', ''),
(630, 'KANTHRAVI', '384260', '20', ''),
(631, 'KANZARI', '382165', '20', ''),
(632, 'KARANNAGAR', '382715', '20', ''),
(633, 'KARBATIA', '384355', '20', ''),
(634, 'KARJISAN', '382705', '20', ''),
(635, 'KARLI', '384170', '20', ''),
(636, 'KARSANPURA', '384335', '20', ''),
(637, 'KASWA', '382715', '20', ''),
(638, 'KATOSAN', '384430', '20', ''),
(639, 'KELISANA', '382830', '20', ''),
(640, 'KESHIMPA', '384325', '20', ''),
(641, 'KHADALPUR', '384421', '20', ''),
(642, 'KHAMBHEI', '384210', '20', ''),
(643, 'KHANDERAOPURA', '382115', '20', ''),
(644, 'KHANDOSAN', '384310', '20', ''),
(645, 'KHANUSA', '382850', '20', ''),
(646, 'KHAROD', '382840', '20', ''),
(647, 'KHARVADA', '384305', '20', ''),
(648, 'KHATODA', '384355', '20', ''),
(649, 'KHAVAD', '382165', '20', ''),
(650, 'KHERALU', '384325', '20', ''),
(651, 'KHERVA', '382711', '20', ''),
(652, 'KHODAMALI', '384360', '20', ''),
(653, 'KOLAD', '382165', '20', ''),
(654, 'KOT', '382870', '20', ''),
(655, 'KOTHASANA', '384330', '20', ''),
(656, 'KUKARWADA', '382830', '20', ''),
(657, 'KUNDAL', '382715', '20', ''),
(658, 'KUVASANA', '384315', '20', ''),
(659, 'LACJJADI', '384305', '20', ''),
(660, 'LADOL', '382840', '20', ''),
(661, 'LAKHVAD', '384001', '20', ''),
(662, 'LANGHNAJ', '382730', '20', ''),
(663, 'LAXMIPURA', '384315', '20', ''),
(664, 'LHOR', '382165', '20', ''),
(665, 'LINCH', '384435', '20', ''),
(666, 'LUNASAN', '382715', '20', ''),
(667, 'LUNVA', '384130', '20', ''),
(668, 'MACHHAVA', '384130', '20', ''),
(669, 'MADHASANA', '384335', '20', ''),
(670, 'MADHI', '382860', '20', ''),
(671, 'MAGRODA', '384305', '20', ''),
(672, 'MAGUNA', '384410', '20', ''),
(673, 'MAHERVADA', '384130', '20', ''),
(674, 'MEHSANA', '384001', '20', ''),
(675, 'MEHSANA BAZAR', '384001', '20', ''),
(676, 'MEHSANA I E', '384002', '20', ''),
(677, 'MEHSANA JSM', '384001', '20', ''),
(678, 'MEHSANA ONGC COLONY', '384003', '20', ''),
(679, 'MEHSANA RAILWAY COLONY', '384003', '20', ''),
(680, 'MAHIYAL', '384325', '20', ''),
(681, 'MAKTUPUR', '384170', '20', ''),
(682, 'MALEKPUR (VAD)', '384355', '20', ''),
(683, 'MALOSAN', '382815', '20', ''),
(684, 'MANDALI', '382840', '20', ''),
(685, 'MANDROPUR', '384325', '20', ''),
(686, 'MANIPUR', '382715', '20', ''),
(687, 'MANKNAJ', '384421', '20', ''),
(688, 'MARTOLI', '384430', '20', ''),
(689, 'MATHASUL', '382705', '20', ''),
(690, 'MEDHA', '382165', '20', ''),
(691, 'MEGHALIASANA', '384001', '20', ''),
(692, 'MEU', '382730', '20', ''),
(693, 'MEVAD', '382710', '20', ''),
(694, 'MITHA', '384001', '20', ''),
(695, 'MODHERA', '384212', '20', ''),
(696, 'MOLIPUR', '384355', '20', ''),
(697, 'MOTAP', '384212', '20', ''),
(698, 'MOTI DAU', '384120', '20', ''),
(699, 'MOTI HIRVANI', '384325', '20', ''),
(700, 'MUDARDA', '384421', '20', ''),
(701, 'MULSAN', '382710', '20', ''),
(702, 'NADASA', '384410', '20', ''),
(703, 'NAGALPUR', '384001', '20', ''),
(704, 'NAGRASAN', '382715', '20', ''),
(705, 'NANDASAN', '382705', '20', ''),
(706, 'NANI KADI', '382715', '20', ''),
(707, 'NANIVADA', '384325', '20', ''),
(708, 'NAVASANGPUR', '382875', '20', ''),
(709, 'NUGAR', '384205', '20', ''),
(710, 'PADHARIA', '382865', '20', ''),
(711, 'PALADI', '384315', '20', ''),
(712, 'PALAJ', '384410', '20', ''),
(713, 'PALI', '384260', '20', ''),
(714, 'PALODAR', '384205', '20', ''),
(715, 'PAMOL', '382820', '20', ''),
(716, 'PANCHOT', '384205', '20', ''),
(717, 'PANDHARPURA', '382140', '20', ''),
(718, 'PEDHAMALI', '382870', '20', ''),
(719, 'PILUDRA', '384001', '20', ''),
(720, 'PILVAI', '382850', '20', ''),
(721, 'PUDGAM', '384310', '20', ''),
(722, 'PUNASAN', '382710', '20', ''),
(723, 'RAJGADH', '384315', '20', ''),
(724, 'RAJPUR', '382715', '20', ''),
(725, 'RALISANA', '384315', '20', ''),
(726, 'RAMPUR (KOT)', '382870', '20', ''),
(727, 'RANASAN', '382870', '20', ''),
(728, 'RANCHARADA', '382115', '20', ''),
(729, 'RANCHHODPURA', '384170', '20', ''),
(730, 'RANELA', '384212', '20', ''),
(731, 'RANGAKUI', '384315', '20', ''),
(732, 'RANSIPUR', '382870', '20', ''),
(733, 'RANTEJ', '384410', '20', ''),
(734, 'RASULPUR', '384325', '20', ''),
(735, 'SABALPUR', '384355', '20', ''),
(736, 'SADRA', '382715', '20', ''),
(737, 'SADUTHALA', '384315', '20', ''),
(738, 'SAGTHALA', '384350', '20', ''),
(739, 'SALDI', '382730', '20', ''),
(740, 'SAMETRA', '384001', '20', ''),
(741, 'SAMPAWADA', '384210', '20', ''),
(742, 'SANGANPUR', '382710', '20', ''),
(743, 'SANTHAL', '384430', '20', ''),
(744, 'SARDARPUR', '382860', '20', ''),
(745, 'SARSAV', '382715', '20', ''),
(746, 'SARTANPUR', '384330', '20', ''),
(747, 'SARVODAY ASHRAM', '384310', '20', ''),
(748, 'SATLASANA', '384330', '20', ''),
(749, 'SAVALA', '384001', '20', ''),
(750, 'SHANKHALPUR', '384210', '20', ''),
(751, 'SIHI', '384176', '20', ''),
(752, 'SIPOR', '384335', '20', ''),
(753, 'SOBHASAN', '384335', '20', ''),
(754, 'SOKHDA', '382830', '20', ''),
(755, 'SUDASANA', '384340', '20', ''),
(756, 'SUJATPURA', '382715', '20', ''),
(757, 'SULTANPUR', '384355', '20', ''),
(758, 'SUNDARPUR', '382860', '20', ''),
(759, 'SUNDHIA', '384345', '20', ''),
(760, 'SUNOK', '384170', '20', ''),
(761, 'SURAJ', '382715', '20', ''),
(762, 'SURPURA', '384210', '20', ''),
(763, 'TARABH', '384310', '20', ''),
(764, 'TARANGA HILL R S', '384350', '20', ''),
(765, 'TARANGAJI TEMPLE', '384350', '20', ''),
(766, 'TARETI', '384001', '20', ''),
(767, 'TATOSAN', '382820', '20', ''),
(768, 'THOL', '382715', '20', ''),
(769, 'TIMBA', '384330', '20', ''),
(770, 'TITODAN', '382865', '20', ''),
(771, 'TUNDALI', '382732', '20', ''),
(772, 'TUNDAV', '384170', '20', ''),
(773, 'UDALPUR', '384001', '20', ''),
(774, 'UMARI', '384340', '20', ''),
(775, 'UMTA', '384320', '20', ''),
(776, 'UNAD', '384335', '20', ''),
(777, 'UNAVA', '384160', '20', ''),
(778, 'UNDANI', '384355', '20', ''),
(779, 'UNDHAI', '384335', '20', ''),
(780, 'UNJHA', '384170', '20', ''),
(781, 'UNJHA KOTKUVA', '384170', '20', ''),
(782, 'UNJHA UMIYA MATAJI', '384170', '20', ''),
(783, 'UNTVA', '382715', '20', ''),
(784, 'UPERA', '384170', '20', ''),
(785, 'VADASAN', '382830', '20', ''),
(786, 'VADASMA', '382705', '20', ''),
(787, 'VADHARODA', '382165', '20', ''),
(788, 'VADNAGAR', '384355', '20', ''),
(789, 'VADOSAN', '384001', '20', ''),
(790, 'VADU', '382705', '20', ''),
(791, 'VAGHAWADI', '384335', '20', ''),
(792, 'VALAM', '384310', '20', ''),
(793, 'VALASANA', '384335', '20', ''),
(794, 'VAMAJ', '382715', '20', ''),
(795, 'VANAGALA', '384170', '20', ''),
(796, 'VARETHA', '384325', '20', ''),
(797, 'VARVADA', '384215', '20', ''),
(798, 'VASAI', '384340', '20', ''),
(799, 'VASAI DABHALA', '382865', '20', ''),
(800, 'VEKRA', '382165', '20', ''),
(801, 'VENPURA', '384210', '20', ''),
(802, 'VIDAJ', '382715', '20', ''),
(803, 'VIJAPUR', '382870', '20', ''),
(804, 'VIJAPUR BAZAR', '382870', '20', ''),
(805, 'VIJAPURDA', '384212', '20', ''),
(806, 'VIRSODA', '384430', '20', ''),
(807, 'VIRTA', '384001', '20', ''),
(808, 'VISATPUR', '382715', '20', ''),
(809, 'VISHOL', '384215', '20', ''),
(810, 'VISNAGAR', '384315', '20', ''),
(811, 'VISNAGAR COLLAGE(URBAN)', '384315', '20', ''),
(812, 'VISNAGAR MARKET YARD', '384315', '20', ''),
(813, 'VISNAGAR STATION ROAD', '384315', '20', ''),
(814, 'VITHODA', '384325', '20', ''),
(815, 'A. K. ROAD', '395008', '29', ''),
(816, 'ABHVA', '395007', '29', ''),
(817, 'ABRAMA', '394150', '29', ''),
(818, 'ADAJAN DN', '395009', '29', ''),
(819, 'ADITYANAGAR', '394516', '29', ''),
(820, 'AFVA ISROLI', '395620', '29', ''),
(821, 'AGANOVAD', '395003', '29', ''),
(822, 'AGASVAN', '394651', '29', ''),
(823, 'AKOTI', '394355', '29', ''),
(824, 'ALGAT', '394246', '29', ''),
(825, 'ALLU', '395620', '29', ''),
(826, 'ALTHAN', '395017', '29', ''),
(827, 'AMALGUNDI', '394365', '29', ''),
(828, 'AMALSADI', '394350', '29', ''),
(829, 'AMBA', '394163', '29', ''),
(830, 'AMBACH', '394641', '29', ''),
(831, 'AMBAWADI', '394430', '29', ''),
(832, 'AMBHETA', '395005', '29', ''),
(833, 'AMBHETI', '394352', '29', ''),
(834, 'AMBIA', '394633', '29', ''),
(835, 'AMCHAK', '394250', '29', ''),
(836, 'AMKHUTA', '394430', '29', ''),
(837, 'AMODA', '394380', '29', ''),
(838, 'AMROLI', '394107', '29', ''),
(839, 'ANAVAL', '396510', '29', ''),
(840, 'ANDHATRI', '394630', '29', ''),
(841, 'ANITA', '394110', '29', ''),
(842, 'ANKODOD', '394410', '29', ''),
(843, 'ANTAPUR', '394635', '29', ''),
(844, 'ANTROLI', '394325', '29', ''),
(845, 'ANUMALA', '394651', '29', ''),
(846, 'ARETH', '394110', '29', ''),
(847, 'ARIANA', '395005', '29', ''),
(848, 'ASARAM', '394405', '29', ''),
(849, 'ASNAD', '394540', '29', ''),
(850, 'ASTA', '394320', '29', ''),
(851, 'ATHWA', '395007', '29', ''),
(852, 'ATHWALINES', '395001', '29', ''),
(853, 'ATODARA', '394130', '29', ''),
(854, 'BABARGHAT', '394375', '29', ''),
(855, 'BAGUMARA', '394305', '29', ''),
(856, 'BAHEDARAIPURA', '394630', '29', ''),
(857, 'BAJIPURA', '394690', '29', ''),
(858, 'BALDA', '394340', '29', ''),
(859, 'BALDE', '394380', '29', ''),
(860, 'BALESHWAR', '394317', '29', ''),
(861, 'BALETHI', '394440', '29', ''),
(862, 'BALPUR', '394655', '29', ''),
(863, 'BAMNI', '394335', '29', ''),
(864, 'BAMROLI', '394210', '29', ''),
(865, 'BARASADO', '394310', '29', ''),
(866, 'BARBODHAN', '395005', '29', ''),
(867, 'BARDIPADA', '394635', '29', ''),
(868, 'BARDOLI', '394601', '29', ''),
(869, 'BARTAD', '394240', '29', ''),
(870, 'BEDCHIT', '394630', '29', ''),
(871, 'BEDKUVA', '394340', '29', ''),
(872, 'BEDKUVADOOR', '394360', '29', ''),
(873, 'BEDKUVANAJIK', '394650', '29', ''),
(874, 'BEGAMPURA', '395003', '29', ''),
(875, 'BHADBHUNJA', '394375', '29', ''),
(876, 'BHADOL', '394540', '29', ''),
(877, 'BHAGAL', '395003', '29', ''),
(878, 'BHAGVANPURA', '394246', '29', ''),
(879, 'BHAGWA', '394530', '29', ''),
(880, 'BHALKHET', '394715', '29', ''),
(881, 'BHAMAIYA', '394335', '29', ''),
(882, 'BHANDUT', '395005', '29', ''),
(883, 'BHARTHANA', '395007', '29', ''),
(884, 'BHARUNDI', '394130', '29', ''),
(885, 'BHATGAM', '394540', '29', ''),
(886, 'BHATHA', '394510', '29', ''),
(887, 'BHATPORE', '394510', '29', ''),
(888, 'BHATWADA', '394680', '29', ''),
(889, 'BHAVANIVAD', '395003', '29', ''),
(890, 'BHEDVAD', '394220', '29', ''),
(891, 'BHESAN', '395005', '29', ''),
(892, 'BHESTAN', '395023', '29', ''),
(893, 'BHILVADA', '394421', '29', ''),
(894, 'BHIMPOR', '394640', '29', ''),
(895, 'BHIMPORE', '394120', '29', ''),
(896, 'BHITKHURD', '394375', '29', ''),
(897, 'BHLJAMBOLI', '394370', '29', ''),
(898, 'BHOJPUR NAJIK', '394690', '29', ''),
(899, 'BHORIA', '394248', '29', ''),
(900, 'BHUTWADA', '394690', '29', ''),
(901, 'BILKHADI', '394250', '29', ''),
(902, 'BILVAN', '394445', '29', ''),
(903, 'BODHAN', '394140', '29', ''),
(904, 'BOMBAY MARKET', '395010', '29', ''),
(905, 'BONANDH', '394230', '29', ''),
(906, 'BORIA', '394430', '29', ''),
(907, 'BORKHADI', '394690', '29', ''),
(908, 'BORSAD', '394110', '29', ''),
(909, 'BORSAVAR', '394670', '29', ''),
(910, 'BORTHA', '394370', '29', ''),
(911, 'BUDIA', '394210', '29', ''),
(912, 'BUHARI', '394630', '29', ''),
(913, 'BUNDHA', '394440', '29', ''),
(914, 'BUTWADA', '394248', '29', ''),
(915, 'CENTRAP PULP MILL', '394660', '29', ''),
(916, 'CHALTHAN', '394305', '29', ''),
(917, 'CHAMPAVADI', '394650', '29', ''),
(918, 'CHAPRA BHATHA', '394105', '29', ''),
(919, 'CHAVDA', '394445', '29', ''),
(920, 'CHHAPTI', '394375', '29', ''),
(921, 'CHHINDIA', '394655', '29', ''),
(922, 'CHHITPUR', '394375', '29', ''),
(923, 'CHHITRA', '394350', '29', ''),
(924, 'CHIKALDA', '394650', '29', ''),
(925, 'CHIKHALI DUNGAR', '394320', '29', ''),
(926, 'CHIKHALI KHADKA', '394650', '29', ''),
(927, 'CHIKHALVAV', '394650', '29', ''),
(928, 'CHIKHLINANI', '394650', '29', ''),
(929, 'CHIMIPATAL', '394445', '29', ''),
(930, 'CHINCHINAGAONTHA', '394715', '29', ''),
(931, 'CHIRMATI', '394380', '29', ''),
(932, 'CHITALDA', '394440', '29', ''),
(933, 'CHOKHIAMLI', '394380', '29', ''),
(934, 'CHOKHVADA', '394445', '29', ''),
(935, 'CHORMBA', '394440', '29', ''),
(936, 'CHORVAD', '394650', '29', ''),
(937, 'CHUNAVADI', '394635', '29', ''),
(938, 'DABHOLI', '395004', '29', ''),
(939, 'DADARIA', '394630', '29', ''),
(940, 'DADHWADA', '394160', '29', ''),
(941, 'DAMKA', '394510', '29', ''),
(942, 'DANDI', '394540', '29', ''),
(943, 'DASTAN', '394310', '29', ''),
(944, 'DEDVASAN', '394250', '29', ''),
(945, 'DEGAMA', '394690', '29', ''),
(946, 'DELAD', '394330', '29', ''),
(947, 'DELADVA', '394210', '29', ''),
(948, 'DELASA', '394530', '29', ''),
(949, 'DELVADA', '395620', '29', ''),
(950, 'DEVADH', '394440', '29', ''),
(951, 'DHAJAMBA', '394670', '29', ''),
(952, 'DHAMDOD', '394125', '29', ''),
(953, 'DHAMDOD LUMBHA', '394355', '29', ''),
(954, 'DHAMKHADI', '394248', '29', ''),
(955, 'DHAMODI', '394650', '29', ''),
(956, 'DHAMODLA', '394340', '29', ''),
(957, 'DHANTURI', '394633', '29', ''),
(958, 'DHAT', '394655', '29', ''),
(959, 'DHATVA', '394180', '29', ''),
(960, 'DHOLIKUI', '394430', '29', ''),
(961, 'DHORANPARDI', '394150', '29', ''),
(962, 'DHRAMPUR', '394110', '29', ''),
(963, 'DIGAS', '394330', '29', ''),
(964, 'DIHEN', '395005', '29', ''),
(965, 'DINDOLI', '394210', '29', ''),
(966, 'DINOD', '394125', '29', ''),
(967, 'DOLARA', '394655', '29', ''),
(968, 'DOLVAN', '394635', '29', ''),
(969, 'DOSWADA', '394365', '29', ''),
(970, 'DUMAS', '394120', '29', ''),
(971, 'DUMASGAM', '394120', '29', ''),
(972, 'DUNGRA', '394180', '29', ''),
(973, 'DUNGRI', '394110', '29', ''),
(974, 'EKLERA', '394230', '29', ''),
(975, 'ENA', '394310', '29', ''),
(976, 'ERTHAN', '394540', '29', ''),
(977, 'FALI', '394110', '29', ''),
(978, 'FATEHNAGAR', '394220', '29', ''),
(979, 'FORT SONGADH', '394670', '29', ''),
(980, 'FULPADA', '395008', '29', ''),
(981, 'FULWADI', '394160', '29', ''),
(982, 'G.I.P.C.L.', '394110', '29', ''),
(983, 'GABHENI', '394230', '29', ''),
(984, 'GADAT', '394633', '29', ''),
(985, 'GALKUVA', '394650', '29', ''),
(986, 'GAMTALV BUJRANG', '394163', '29', ''),
(987, 'GANDHI VIDYAPITH', '394641', '29', ''),
(988, 'GANGADHARA RS', '394310', '29', ''),
(989, 'GANGADIA', '396510', '29', ''),
(990, 'GANGTHA', '394380', '29', ''),
(991, 'GAVACHHI', '394140', '29', ''),
(992, 'GAVAN', '394375', '29', ''),
(993, 'GAVIR', '395007', '29', ''),
(994, 'GHADOI', '394245', '29', ''),
(995, 'GHALA', '394155', '29', ''),
(996, 'GHANAVAD', '394445', '29', ''),
(997, 'GHANI', '394630', '29', ''),
(998, 'GHANTOLI', '394160', '29', ''),
(999, 'GHASIAMEDHA', '394360', '29', ''),
(1000, 'GHATA', '394651', '29', ''),
(1001, 'GHERIVAN', '394630', '29', ''),
(1002, 'GHODA', '394670', '29', ''),
(1003, 'GIJRAM', '394410', '29', ''),
(1004, 'GODADARA', '395010', '29', ''),
(1005, 'GODAWADI', '394163', '29', ''),
(1006, 'GODBAR', '394440', '29', ''),
(1007, 'GODDHA', '394630', '29', ''),
(1008, 'GODSAMBA', '394163', '29', ''),
(1009, 'GOJI', '394350', '29', ''),
(1010, 'GOPALPURA', '394365', '29', ''),
(1011, 'GOPIPURA', '395001', '29', ''),
(1012, 'GOTALAWADI', '395004', '29', ''),
(1013, 'GOTHAN', '394130', '29', ''),
(1014, 'GOVT. MEDICAL COLLEGE', '395001', '29', ''),
(1015, 'GUJARPUR', '394370', '29', ''),
(1016, 'GUNESVEL', '394240', '29', ''),
(1017, 'GUNKHADI', '394365', '29', ''),
(1018, 'HAJIRA', '394270', '29', ''),
(1019, 'HALADVA', '394248', '29', ''),
(1020, 'HALDHARU', '394310', '29', ''),
(1021, 'HARIPUR', '394375', '29', ''),
(1022, 'HARIPURA', '394335', '29', ''),
(1023, 'HARSANI', '394421', '29', ''),
(1024, 'HATHODA', '394405', '29', ''),
(1025, 'HATHURAN', '394125', '29', ''),
(1026, 'HATUKA', '394640', '29', ''),
(1027, 'HINDLA', '394365', '29', ''),
(1028, 'HIRAVADI', '394365', '29', ''),
(1029, 'ICHHAPORE', '394510', '29', ''),
(1030, 'INDRAPURA', '395003', '29', ''),
(1031, 'ISANPUR', '394430', '29', ''),
(1032, 'ISHANPORE', '394540', '29', ''),
(1033, 'ITALVA', '394315', '29', ''),
(1034, 'ITWAI', '394380', '29', ''),
(1035, 'JAKHALA', '394160', '29', ''),
(1036, 'JAMANIA', '394246', '29', ''),
(1037, 'JAMANKUVA', '394160', '29', ''),
(1038, 'JAMKHADI', '394365', '29', ''),
(1039, 'JESINGPUR', '394633', '29', ''),
(1040, 'JHAMPA', '395003', '29', ''),
(1041, 'JOKHA', '394326', '29', ''),
(1042, 'JOLWA', '394305', '29', ''),
(1043, 'KACHHOLI', '394235', '29', ''),
(1044, 'KADHAIYA', '394246', '29', ''),
(1045, 'KADOD', '394335', '29', ''),
(1046, 'KADODARA', '394327', '29', ''),
(1047, 'KADRAMA', '394540', '29', ''),
(1048, 'KAFLETA', '394235', '29', ''),
(1049, 'KAHER', '394690', '29', ''),
(1050, 'KAKADVA', '394635', '29', ''),
(1051, 'KAKARAPARGAM', '394160', '29', ''),
(1052, 'KAKRAPAR', '394360', '29', ''),
(1053, 'KALAKVA', '394630', '29', ''),
(1054, 'KALAMKUI', '394635', '29', ''),
(1055, 'KALIBEL', '394715', '29', ''),
(1056, 'KAMLAPORE', '394335', '29', ''),
(1057, 'KAMREJ', '394180', '29', ''),
(1058, 'KAMREJ CHAR RASTA', '394185', '29', ''),
(1059, 'KAMROLI', '394540', '29', ''),
(1060, 'KANAKPUR', '394230', '29', ''),
(1061, 'KANAV', '394315', '29', ''),
(1062, 'KANI', '394350', '29', ''),
(1063, 'KANJAN', '394655', '29', ''),
(1064, 'KANJOD', '394640', '29', ''),
(1065, 'KANKARIA', '394248', '29', ''),
(1066, 'KANPURA', '394650', '29', ''),
(1067, 'KANSAD', '394230', '29', ''),
(1068, 'KANTIFALIA', '394340', '29', ''),
(1069, 'KANTVA', '394405', '29', ''),
(1070, 'KAPURA', '394655', '29', ''),
(1071, 'KARACHKA', '394340', '29', ''),
(1072, 'KARAN', '394305', '29', ''),
(1073, 'KARANJ', '394110', '29', ''),
(1074, 'KARANJKHED', '394635', '29', ''),
(1075, 'KARANJVEL', '394655', '29', ''),
(1076, 'KARCHELIA', '394240', '29', ''),
(1077, 'KARJAN', '394155', '29', ''),
(1078, 'KARMALA', '394130', '29', ''),
(1079, 'KAROD', '394375', '29', ''),
(1080, 'KARVALI', '394163', '29', ''),
(1081, 'KASAL', '394163', '29', ''),
(1082, 'KASVAV', '394633', '29', ''),
(1083, 'KATARGAM', '395004', '29', ''),
(1084, 'KATASVAN', '394650', '29', ''),
(1085, 'KATHODARA', '394326', '29', ''),
(1086, 'KATHOR', '394150', '29', ''),
(1087, 'KAWAS', '394510', '29', ''),
(1088, 'KELKUI', '394630', '29', ''),
(1089, 'KEORI', '394440', '29', ''),
(1090, 'KHABDA', '394375', '29', ''),
(1091, 'KHAJOD', '395007', '29', ''),
(1092, 'KHANJAR', '394365', '29', ''),
(1093, 'KHANJROLI', '394335', '29', ''),
(1094, 'KHANPUR', '394641', '29', ''),
(1095, 'KHAROLI', '394163', '29', ''),
(1096, 'KHARVAN', '394245', '29', ''),
(1097, 'KHARVASA', '394210', '29', ''),
(1098, 'KHATAL', '394715', '29', ''),
(1099, 'KHATODARA', '395002', '29', ''),
(1100, 'KHODAMBA', '394163', '29', ''),
(1101, 'KHODTALAV', '394651', '29', ''),
(1102, 'KHOJPARDI', '394355', '29', ''),
(1103, 'KHOLESHWAR', '394180', '29', ''),
(1104, 'KHOLVAD', '394190', '29', ''),
(1105, 'KHORDA', '394370', '29', ''),
(1106, 'KHOTA RAMPURA', '394445', '29', ''),
(1107, 'KHURDI', '394655', '29', ''),
(1108, 'KHUSHALPURA', '394650', '29', ''),
(1109, 'KHUTADIA', '394655', '29', ''),
(1110, 'KIKAKUI', '394650', '29', ''),
(1111, 'KIKWAD', '395620', '29', ''),
(1112, 'KIM', '394110', '29', ''),
(1113, 'KIM CHAR RASTA', '394111', '29', ''),
(1114, 'KIM DUNGARA', '394160', '29', ''),
(1115, 'KOBA', '394540', '29', ''),
(1116, 'KODADA', '394250', '29', ''),
(1117, 'KOLIBHARTHANA', '394180', '29', ''),
(1118, 'KOS', '396510', '29', ''),
(1119, 'KOSAD', '394107', '29', ''),
(1120, 'KOSADI', '394405', '29', ''),
(1121, 'KOSAM', '394520', '29', ''),
(1122, 'KOSAMBA', '394120', '29', ''),
(1123, 'KOSAMBA BAZAR', '394120', '29', ''),
(1124, 'KOSIMDA', '394715', '29', ''),
(1125, 'KOSMADA', '395008', '29', ''),
(1126, 'KOSMADI', '394326', '29', ''),
(1127, 'KOTHWA', '394110', '29', ''),
(1128, 'KRIBHCONAGAR', '394515', '29', ''),
(1129, 'KUDIANA', '394540', '29', ''),
(1130, 'KUDSAD', '394110', '29', ''),
(1131, 'KUKURMUNDA', '394380', '29', ''),
(1132, 'KULDA', '394375', '29', ''),
(1133, 'KUMABHARIA', '395010', '29', ''),
(1134, 'KUMKOTAR', '396510', '29', ''),
(1135, 'KUMKUVA', '394670', '29', ''),
(1136, 'KUNVARDA', '394120', '29', ''),
(1137, 'LADVI', '394325', '29', ''),
(1138, 'LAJPORE', '394235', '29', ''),
(1139, 'LAKHALI', '394655', '29', ''),
(1140, 'LAKHANPUR', '394352', '29', ''),
(1141, 'LAKHGAM', '394160', '29', ''),
(1142, 'LASANPOR', '396510', '29', ''),
(1143, 'LASKANA', '395008', '29', ''),
(1144, 'LAVACHHA', '394540', '29', ''),
(1145, 'LAVET', '394430', '29', ''),
(1146, 'LAXMIKHEDA', '394370', '29', ''),
(1147, 'LIMBADA', '394405', '29', ''),
(1148, 'LIMBAYAT', '394210', '29', ''),
(1149, 'LIMBERDA', '394651', '29', ''),
(1150, 'LIMBI', '394680', '29', ''),
(1151, 'LIMODRA', '394110', '29', ''),
(1152, 'LINGAD', '394230', '29', ''),
(1153, 'LOTARVA', '394690', '29', ''),
(1154, 'LUHARVAD', '394440', '29', ''),
(1155, 'LUVARA', '394405', '29', ''),
(1156, 'MADAN BORIA', '394440', '29', ''),
(1157, 'MADHAR', '394130', '29', ''),
(1158, 'MADHI', '394340', '29', ''),
(1159, 'MADROI', '394540', '29', ''),
(1160, 'MAGALIA', '394633', '29', ''),
(1161, 'MAGARBARA', '394375', '29', ''),
(1162, 'MAGARKUI', '394655', '29', ''),
(1163, 'MAGDALLA', '395007', '29', ''),
(1164, 'MAHIDHARMPURA', '395003', '29', ''),
(1165, 'MAHUVA', '394250', '29', ''),
(1166, 'MAHUVARIA', '394248', '29', ''),
(1167, 'MAHUVEJ', '394125', '29', ''),
(1168, 'MAHWSHKATRI', '394715', '29', ''),
(1169, 'MALANGDEV', '394716', '29', ''),
(1170, 'MALDHA', '394440', '29', ''),
(1171, 'MALEKPOR', '394315', '29', ''),
(1172, 'MANDVI SR', '394160', '29', ''),
(1173, 'MANEKPOR', '394340', '29', ''),
(1174, 'MANKNA', '394325', '29', ''),
(1175, 'MASAD', '394335', '29', ''),
(1176, 'MASMA', '394540', '29', ''),
(1177, 'MATAVAL', '394380', '29', ''),
(1178, 'MIRKOT', '394670', '29', ''),
(1179, 'MIRPUR', '394655', '29', ''),
(1180, 'MIYAPUR', '394250', '29', ''),
(1181, 'MOGHVAN', '394650', '29', ''),
(1182, 'MOHAMEDPUR', '394540', '29', ''),
(1183, 'MOHNI', '394305', '29', ''),
(1184, 'MOR', '394530', '29', ''),
(1185, 'MORA', '394510', '29', ''),
(1186, 'MORAMBA', '394380', '29', ''),
(1187, 'MORDEVI', '394250', '29', ''),
(1188, 'MORITHA', '394160', '29', ''),
(1189, 'MORTHANA', '394130', '29', ''),
(1190, 'MOSALI', '394421', '29', ''),
(1191, 'MOTA', '395345', '29', ''),
(1192, 'MOTA BORSARA', '394110', '29', ''),
(1193, 'MOTA MIYA MANGROL', '394410', '29', ''),
(1194, 'MOTA TARPADA', '394365', '29', ''),
(1195, 'MOTA VARACHHA', '394101', '29', ''),
(1196, 'MOTI KHERVAN', '394670', '29', ''),
(1197, 'MOTICHEIR', '394651', '29', ''),
(1198, 'MOTIFALOD', '394355', '29', ''),
(1199, 'MOTIVED', '395004', '29', ''),
(1200, 'MUBARAKPUR', '394370', '29', ''),
(1201, 'MUGLISARA', '395003', '29', ''),
(1202, 'MULAD', '394110', '29', ''),
(1203, 'MUNJLAV', '394140', '29', ''),
(1204, 'NAGOD', '394320', '29', ''),
(1205, 'NALDHARA', '394240', '29', ''),
(1206, 'NANDAV', '394125', '29', ''),
(1207, 'NANDOLA', '394430', '29', ''),
(1208, 'NANDPORE', '394163', '29', ''),
(1209, 'NANI NAROLI', '394110', '29', ''),
(1210, 'NANPURA', '395001', '29', ''),
(1211, 'NANSAD', '394180', '29', ''),
(1212, 'NARAYANPUR', '394375', '29', ''),
(1213, 'NAREN', '394163', '29', ''),
(1214, 'NARTHAN', '395005', '29', ''),
(1215, 'NASARPUR', '394440', '29', ''),
(1216, 'NAUGAMA', '394350', '29', ''),
(1217, 'NAVAFALIA', '394640', '29', ''),
(1218, 'NAVAGAM', '394185', '29', ''),
(1219, 'NAVIPARDI', '394150', '29', ''),
(1220, 'NAVYUG COLLEGE', '395009', '29', ''),
(1221, 'NAWABWADI', '395003', '29', ''),
(1222, 'NETRANG', '394180', '29', ''),
(1223, 'NIJHAR', '394370', '29', ''),
(1224, 'NIMBHORA', '394380', '29', ''),
(1225, 'NINAT', '394350', '29', ''),
(1226, 'NIOL', '394325', '29', ''),
(1227, 'NISHANA', '394650', '29', ''),
(1228, 'NIZAR', '394350', '29', ''),
(1229, 'NOGAMA', '394405', '29', ''),
(1230, 'OLPAD', '394540', '29', ''),
(1231, 'ONGC NAGAR', '394518', '29', ''),
(1232, 'ORGAM', '394340', '29', ''),
(1233, 'ORMA', '394540', '29', ''),
(1234, 'ORNA', '394330', '29', ''),
(1235, 'PADAMDUNGRI', '394635', '29', ''),
(1236, 'PAL BHATHA', '394510', '29', ''),
(1237, 'PALANPUR ND', '395009', '29', ''),
(1238, 'PALAWADI', '394633', '29', ''),
(1239, 'PALSANA', '394315', '29', ''),
(1240, 'PALSOD', '394355', '29', ''),
(1241, 'PANCHOL', '394635', '29', ''),
(1242, 'PANCHPIPLA', '394360', '29', ''),
(1243, 'PANDESARA', '394221', '29', ''),
(1244, 'PANIYARI', '394650', '29', ''),
(1245, 'PARAB', '394325', '29', ''),
(1246, 'PARDI BHADOL', '394540', '29', ''),
(1247, 'PARIA', '394130', '29', ''),
(1248, 'PARVAT', '395010', '29', ''),
(1249, 'PASODARA', '395008', '29', ''),
(1250, 'PATAL', '394163', '29', ''),
(1251, 'PATHAKVADI', '394635', '29', ''),
(1252, 'PATHRAN', '395620', '29', ''),
(1253, 'PATI', '394635', '29', ''),
(1254, 'PELAD', '394630', '29', ''),
(1255, 'PHULWADI', '394380', '29', ''),
(1256, 'PINJRAT', '395005', '29', ''),
(1257, 'PIPALDAHAD', '394716', '29', ''),
(1258, 'PIPALKUVA', '394670', '29', ''),
(1259, 'PIPLOD', '394370', '29', ''),
(1260, 'PIPODARA', '394110', '29', ''),
(1261, 'PISAVAR', '394380', '29', ''),
(1262, 'PITHADARA', '394635', '29', ''),
(1263, 'POPDA', '394235', '29', ''),
(1264, 'PUNA', '394163', '29', ''),
(1265, 'PUNI', '394352', '29', ''),
(1266, 'RAIGADH', '394370', '29', ''),
(1267, 'RAMNAGAR', '395005', '29', ''),
(1268, 'RANAT', '394350', '29', ''),
(1269, 'RANDER', '395005', '29', ''),
(1270, 'RANIAMBA', '394655', '29', ''),
(1271, 'RANVERI', '394640', '29', ''),
(1272, 'RATANIA', '394360', '29', ''),
(1273, 'RAYAM', '394355', '29', ''),
(1274, 'REGAMA', '394160', '29', ''),
(1275, 'ROSWAD', '394170', '29', ''),
(1276, 'RUMKITALAV', '394370', '29', ''),
(1277, 'RUPAN', '394160', '29', ''),
(1278, 'RUPVADA', '394690', '29', ''),
(1279, 'RUSTAMPURA', '395002', '29', ''),
(1280, 'SACHIN', '394230', '29', ''),
(1281, 'SACHIN G.I.D.C.', '394520', '29', ''),
(1282, 'SACHIN R.S.', '394230', '29', ''),
(1283, 'SADADVEL', '394365', '29', ''),
(1284, 'SADGAVAN', '394380', '29', ''),
(1285, 'SADHIER', '394130', '29', ''),
(1286, 'SAGRAMPURA PUTLI', '395002', '29', ''),
(1287, 'SALAIYA', '394160', '29', ''),
(1288, 'SAMBA', '394248', '29', ''),
(1289, 'SAMROD', '394315', '29', ''),
(1290, 'SAMTHAN', '394335', '29', ''),
(1291, 'SANIA HEMAD', '395008', '29', ''),
(1292, 'SANIA KANDE', '394210', '29', ''),
(1293, 'SANKARDA', '394375', '29', ''),
(1294, 'SANKLI', '394655', '29', ''),
(1295, 'SARAS', '394540', '29', ''),
(1296, 'SARBHON', '394350', '29', ''),
(1297, 'SARDA', '394440', '29', ''),
(1298, 'SARDARBAUG (BARDOLI)', '394601', '29', ''),
(1299, 'SARKUI', '394160', '29', ''),
(1300, 'SAROLI', '395010', '29', ''),
(1301, 'SAROVAR', '394715', '29', ''),
(1302, 'SARVALA', '394370', '29', ''),
(1303, 'SARVAN FOKDI', '394440', '29', ''),
(1304, 'SATHVAV', '394160', '29', ''),
(1305, 'SAVA', '394120', '29', ''),
(1306, 'SAYAN', '394130', '29', ''),
(1307, 'SAYEDPURA', '395003', '29', ''),
(1308, 'SAYLA', '394370', '29', ''),
(1309, 'SEGUPADA', '394365', '29', ''),
(1310, 'SEGVA', '394130', '29', ''),
(1311, 'SEGVA CHHAMA', '395005', '29', ''),
(1312, 'SEJVAD', '395620', '29', ''),
(1313, 'SELUD', '394375', '29', ''),
(1314, 'SELUT', '395005', '29', ''),
(1315, 'SEVNI', '394320', '29', ''),
(1316, 'SHAH', '394421', '29', ''),
(1317, 'SHAMPURA', '394330', '29', ''),
(1318, 'SHEKHPUR', '394250', '29', ''),
(1319, 'SHERDI', '394520', '29', ''),
(1320, 'SIGANPORE', '395004', '29', ''),
(1321, 'SIKER', '395620', '29', ''),
(1322, 'SIMODRA', '394405', '29', ''),
(1323, 'SINGOD', '394335', '29', ''),
(1324, 'SINGPUR', '394670', '29', ''),
(1325, 'SISOR', '394651', '29', ''),
(1326, 'SITHAN', '394130', '29', ''),
(1327, 'SIYALAJ', '394110', '29', ''),
(1328, 'SONDLA KHARA', '394540', '29', ''),
(1329, 'SONSAK', '394540', '29', ''),
(1330, 'SOYANI', '394310', '29', ''),
(1331, 'SUGAR FACTORY BAMANIA', '394246', '29', ''),
(1332, 'SUGAR FACTORY BARDOLI', '394601', '29', ''),
(1333, 'SUNDERPUR', '394375', '29', ''),
(1334, 'SURALI', '394340', '29', ''),
(1335, 'SURAT', '395003', '29', ''),
(1336, 'SURAT CITY', '395003', '29', ''),
(1337, 'SURAT RS', '395003', '29', ''),
(1338, 'SURTA TEXTILE MARKET', '395002', '29', ''),
(1339, 'SUVALI', '394510', '29', ''),
(1340, 'SVR COLLEGE', '395007', '29', ''),
(1341, 'SYADLA', '394340', '29', ''),
(1342, 'TADKESHWAR', '394170', '29', ''),
(1343, 'TAKARMA', '394540', '29', ''),
(1344, 'TALANGPUR', '394230', '29', ''),
(1345, 'TAPARWADA', '394365', '29', ''),
(1346, 'TARAJ', '394315', '29', ''),
(1347, 'TARAPUR', '394440', '29', ''),
(1348, 'TARBHON', '394350', '29', ''),
(1349, 'TARSADA', '394160', '29', ''),
(1350, 'TARSADI', '394350', '29', ''),
(1351, 'TATITHAIYA', '394305', '29', ''),
(1352, 'THUTI', '394670', '29', ''),
(1353, 'TIMBA', '394330', '29', ''),
(1354, 'TIMBARVA', '394305', '29', ''),
(1355, 'TIMBARVA SANKRI', '394355', '29', ''),
(1356, 'TOKARVA', '394375', '29', ''),
(1357, 'TUKED', '394163', '29', ''),
(1358, 'TUNDI', '394310', '29', ''),
(1359, 'UCHCHHAL', '394375', '29', ''),
(1360, 'UDHARIA', '394440', '29', ''),
(1361, 'UDHNA', '394210', '29', '');
INSERT INTO `areas` (`id`, `name`, `pincode`, `city`, `df`) VALUES
(1362, 'UDHNAGAM', '394210', '29', ''),
(1363, 'UKAHLDA', '394670', '29', ''),
(1364, 'UKAI DAM', '394680', '29', ''),
(1365, 'UMARAKH', '395345', '29', ''),
(1366, 'UMARDA', '394445', '29', ''),
(1367, 'UMARGOT', '394445', '29', ''),
(1368, 'UMARKUI', '394630', '29', ''),
(1369, 'UMARKUTCH', '394630', '29', ''),
(1370, 'UMARPADA', '394445', '29', ''),
(1371, 'UMARVAVDOOR', '394635', '29', ''),
(1372, 'UMARZAR', '394440', '29', ''),
(1373, 'UMBER', '394230', '29', ''),
(1374, 'UMBHEL', '394325', '29', ''),
(1375, 'UMRA', '395007', '29', ''),
(1376, 'UN', '394210', '29', ''),
(1377, 'UNCHAMALA', '394651', '29', ''),
(1378, 'UNTEVA', '394163', '29', ''),
(1379, 'UTRAN', '394105', '29', ''),
(1380, 'UTRAN POWER HOUSE', '394105', '29', ''),
(1381, 'UVA', '394340', '29', ''),
(1382, 'VAD', '394440', '29', ''),
(1383, 'VADADLA TANTI', '394317', '29', ''),
(1384, 'VADHVANIA', '394335', '29', ''),
(1385, 'VADI', '394440', '29', ''),
(1386, 'VADIA', '394246', '29', ''),
(1387, 'VADIBEHSROT', '394670', '29', ''),
(1388, 'VADKUI', '394651', '29', ''),
(1389, 'VADOD', '394540', '29', ''),
(1390, 'VADOLI', '394110', '29', ''),
(1391, 'VADPADA', '394445', '29', ''),
(1392, 'VAGHECHA', '394355', '29', ''),
(1393, 'VAHAR', '394440', '29', ''),
(1394, 'VAHEVAL', '394248', '29', ''),
(1395, 'VALAK', '395008', '29', ''),
(1396, 'VALOD', '394640', '29', ''),
(1397, 'VALVADA', '394248', '29', ''),
(1398, 'VANISA PISADI', '394310', '29', ''),
(1399, 'VANKA', '394370', '29', ''),
(1400, 'VANKAL', '394430', '29', ''),
(1401, 'VANKANER (SR)', '395620', '29', ''),
(1402, 'VANKLA', '394630', '29', ''),
(1403, 'VANSKUI', '394651', '29', ''),
(1404, 'VANZ', '394230', '29', ''),
(1405, 'VANZARDA', '394651', '29', ''),
(1406, 'VARACHHA ROAD', '395006', '29', ''),
(1407, 'VARACHHALI', '395008', '29', ''),
(1408, 'VARAD', '394355', '29', ''),
(1409, 'VARELI', '394140', '29', ''),
(1410, 'VARETH', '394160', '29', ''),
(1411, 'VARETHI', '394110', '29', ''),
(1412, 'VARIAV', '394520', '29', ''),
(1413, 'VARIAVI BHAGAL', '395003', '29', ''),
(1414, 'VASAVA', '394510', '29', ''),
(1415, 'VASRAVI', '394421', '29', ''),
(1416, 'VASTA DEVDI ROAD', '395004', '29', ''),
(1417, 'VATSALYADHAM', '394340', '29', ''),
(1418, 'VAV KATHODARA', '394326', '29', ''),
(1419, 'VEDCHHI', '394641', '29', ''),
(1420, 'VEGI', '394110', '29', ''),
(1421, 'VEKTANA', '394230', '29', ''),
(1422, 'VELACHHA', '394405', '29', ''),
(1423, 'VELANJA', '394150', '29', ''),
(1424, 'VELANPUR', '394245', '29', ''),
(1425, 'VELDHA', '394370', '29', ''),
(1426, 'VERAKUI', '394430', '29', ''),
(1427, 'VESU', '395007', '29', ''),
(1428, 'VIHAN', '394320', '29', ''),
(1429, 'VIHARA', '394540', '29', ''),
(1430, 'VIRPUR', '394650', '29', ''),
(1431, 'VYARA', '394650', '29', ''),
(1432, 'VYARA RS', '394650', '29', ''),
(1433, 'VYAVAL', '394370', '29', ''),
(1434, 'WCC UKAI', '394680', '29', ''),
(1435, 'ZAB', '394110', '29', ''),
(1436, 'ZANKHARI', '394655', '29', ''),
(1437, 'ZANKHVAV', '394440', '29', ''),
(1438, 'ZERVAVRA', '394245', '29', ''),
(1439, 'ADBALKA', '360110', '27', ''),
(1440, 'AJMER', '360055', '27', ''),
(1441, 'AKALA', '360360', '27', ''),
(1442, 'AMARNAGAR', '364485', '27', ''),
(1443, 'AMARPARA WANKANER', '363621', '27', ''),
(1444, 'AMBARDI', '360311', '27', ''),
(1445, 'AMRAPAR', '360055', '27', ''),
(1446, 'ANANDPAR NAVAGAM', '360003', '27', ''),
(1447, 'ANANDPAR(MORBI)', '360003', '27', ''),
(1448, 'ANIDA BHALODI', '360311', '27', ''),
(1449, 'ANIDA VACHHRA', '360070', '27', ''),
(1450, 'ARDOI', '360030', '27', ''),
(1451, 'ARNI', '360450', '27', ''),
(1452, 'ARNITIMBA', '363621', '27', ''),
(1453, 'ATKOT', '360040', '27', ''),
(1454, 'BAGATHALA', '363641', '27', ''),
(1455, 'BAKHALVAD', '360050', '27', ''),
(1456, 'BALDHOI', '360060', '27', ''),
(1457, 'BANDHIYA', '360330', '27', ''),
(1458, 'BANDRA', '360330', '27', ''),
(1459, 'BANGAVADI', '363650', '27', ''),
(1460, 'BARADIYA', '360452', '27', ''),
(1461, 'BARVALA', '363641', '27', ''),
(1462, 'BAVA PIPALIYA', '360360', '27', ''),
(1463, 'BEDI( TANKARA)', '363650', '27', ''),
(1464, 'BEDI(RAJKOT)', '360003', '27', ''),
(1465, 'BEDLA', '360020', '27', ''),
(1466, 'BELA RANGPAR', '363641', '27', ''),
(1467, 'BHADAJALIA', '360421', '27', ''),
(1468, 'BHADER', '360410', '27', ''),
(1469, 'BHADIYAD', '363642', '27', ''),
(1470, 'BHADLA', '360080', '27', ''),
(1471, 'BHADRA', '360405', '27', ''),
(1472, 'BHADVA', '360030', '27', ''),
(1473, 'BHALGAM', '363621', '27', ''),
(1474, 'BHANDARIA', '360020', '27', ''),
(1475, 'BHANKH', '360490', '27', ''),
(1476, 'BHAVPAR', '363660', '27', ''),
(1477, 'BHAYAVADAR', '360450', '27', ''),
(1478, 'BHERDA', '363621', '27', ''),
(1479, 'BHIMGUDA', '363621', '27', ''),
(1480, 'BHIMORA', '360490', '27', ''),
(1481, 'BHOLA', '360410', '27', ''),
(1482, 'BHUKHI', '360410', '27', ''),
(1483, 'BHUNAVA', '360311', '27', ''),
(1484, 'BHUPGADH', '360020', '27', ''),
(1485, 'BILDI', '364490', '27', ''),
(1486, 'BILIYA', '363641', '27', ''),
(1487, 'BILIYALA', '360311', '27', ''),
(1488, 'BODKI', '363660', '27', ''),
(1489, 'BOGHARAVADAR', '360020', '27', ''),
(1490, 'BORIA', '360405', '27', ''),
(1491, 'CHACHAPAR', '363641', '27', ''),
(1492, 'CHAMPABEDA', '360070', '27', ''),
(1493, 'CHAMPRAJPUR', '360370', '27', ''),
(1494, 'CHANDLI', '360035', '27', ''),
(1495, 'CHANDRAPUR', '363621', '27', ''),
(1496, 'CHARAKHADI', '360311', '27', ''),
(1497, 'CHARANIA', '365480', '27', ''),
(1498, 'CHAREL', '360452', '27', ''),
(1499, 'CHAVANDI', '360452', '27', ''),
(1500, 'CHHADVAVADAR', '360410', '27', ''),
(1501, 'CHHASIYA', '360055', '27', ''),
(1502, 'CHHATRASA', '360410', '27', ''),
(1503, 'CHIBHDA', '360035', '27', ''),
(1504, 'CHICHOD', '360430', '27', ''),
(1505, 'CHIKHALIYA', '360410', '27', ''),
(1506, 'CHITRAVAD', '360452', '27', ''),
(1507, 'CHORDI', '360311', '27', ''),
(1508, 'DADAR', '360452', '27', ''),
(1509, 'DADVA MOTA', '360311', '27', ''),
(1510, 'DADVI', '360405', '27', ''),
(1511, 'DAHISARA', '360020', '27', ''),
(1512, 'DAIYA', '360311', '27', ''),
(1513, 'DALDI', '363621', '27', ''),
(1514, 'DALIA', '360070', '27', ''),
(1515, 'DEDARVA', '360360', '27', ''),
(1516, 'DERALA', '363641', '27', ''),
(1517, 'DERDI', '360370', '27', ''),
(1518, 'DERDI KUMBAJI', '364465', '27', ''),
(1519, 'DEVCHADI', '360330', '27', ''),
(1520, 'DEVDHARI', '360055', '27', ''),
(1521, 'DEVGAM', '360003', '27', ''),
(1522, 'DEVKI GALOL', '360370', '27', ''),
(1523, 'DEVLA', '364485', '27', ''),
(1524, 'DHANK', '360460', '27', ''),
(1525, 'DHOLARA', '360002', '27', ''),
(1526, 'DHOLIDHAR', '360405', '27', ''),
(1527, 'DHORAJI', '360410', '27', ''),
(1528, 'DHORAJI D.G.', '360410', '27', ''),
(1529, 'DHORAJI G.P.', '360410', '27', ''),
(1530, 'DHORAJI S.R.', '360410', '27', ''),
(1531, 'DHUDASIYA', '364470', '27', ''),
(1532, 'DHUDIADOMDA', '360110', '27', ''),
(1533, 'DHUVA', '363621', '27', ''),
(1534, 'DODIYALA', '364490', '27', ''),
(1535, 'DUDHIVADAR', '360410', '27', ''),
(1536, 'DUMIYANI', '360440', '27', ''),
(1537, 'DUNGARKA', '360110', '27', ''),
(1538, 'FARENI', '360370', '27', ''),
(1539, 'GADHADIA', '360050', '27', ''),
(1540, 'GADHAKA', '360020', '27', ''),
(1541, 'GADHDIYA', '360020', '27', ''),
(1542, 'GALA', '363630', '27', ''),
(1543, 'GANOD', '360490', '27', ''),
(1544, 'GARIYA', '363621', '27', ''),
(1545, 'GARNARA', '360311', '27', ''),
(1546, 'GAURIDAD', '360003', '27', ''),
(1547, 'GHELA SOMNATH', '360050', '27', ''),
(1548, 'GHIYAVAD', '363621', '27', ''),
(1549, 'GHOGHAVADAR', '360311', '27', ''),
(1550, 'GHUNDA (S)', '363641', '27', ''),
(1551, 'GHUNDA KHANPAR', '363641', '27', ''),
(1552, 'GHUNTU', '363641', '27', ''),
(1553, 'GOKHLANA', '360050', '27', ''),
(1554, 'GOMTA', '360320', '27', ''),
(1555, 'GONDAL', '360311', '27', ''),
(1556, 'GONDAL BHAGVATPARA', '360311', '27', ''),
(1557, 'GONDAL BHOJRAJPARA', '360311', '27', ''),
(1558, 'GONDAL BHUVNESHWARI PITH', '360311', '27', ''),
(1559, 'GONDAL COLLEGE CHOWK', '360311', '27', ''),
(1560, 'GONDAL MARKET YARD', '360311', '27', ''),
(1561, 'GUNDALA (JAS)', '360055', '27', ''),
(1562, 'GUNDASARA', '360311', '27', ''),
(1563, 'GUNDASARI', '360452', '27', ''),
(1564, 'GUNGAN', '363642', '27', ''),
(1565, 'HADAMTALA (KOLITHAD)', '360311', '27', ''),
(1566, 'HADAMTALA (SHEMLA)', '360311', '27', ''),
(1567, 'HADMATIA', '360020', '27', ''),
(1568, 'HADMATIYA', '363641', '27', ''),
(1569, 'HALENDA', '360020', '27', ''),
(1570, 'HARBATIYALI', '363650', '27', ''),
(1571, 'HARIPAR', '360020', '27', ''),
(1572, 'HARIYASAN', '360480', '27', ''),
(1573, 'HATHASANI', '360055', '27', ''),
(1574, 'HIRAPAR', '363650', '27', ''),
(1575, 'ISHAVARIYA', '360040', '27', ''),
(1576, 'ISHRA', '360490', '27', ''),
(1577, 'ISHWARIYA', '360110', '27', ''),
(1578, 'JABALPUR', '363650', '27', ''),
(1579, 'JADESHVAR', '363621', '27', ''),
(1580, 'JAJASAR', '363670', '27', ''),
(1581, 'JALIDA', '363621', '27', ''),
(1582, 'JALIYA(DHROL)', '360003', '27', ''),
(1583, 'JAMBUDI', '360370', '27', ''),
(1584, 'JAMBUDIYA', '363642', '27', ''),
(1585, 'JAMKANDORNA', '360405', '27', ''),
(1586, 'JAMNAVAD', '360410', '27', ''),
(1587, 'JAMVADI', '360311', '27', ''),
(1588, 'JANGVAD', '360040', '27', ''),
(1589, 'JASAPAR', '360311', '27', ''),
(1590, 'JASDAN', '360050', '27', ''),
(1591, 'JETALSAR GAM', '360360', '27', ''),
(1592, 'JETALSAR JN.', '360360', '27', ''),
(1593, 'JETPAR (M)', '363630', '27', ''),
(1594, 'JETPUR', '360370', '27', ''),
(1595, 'JETPUR F.W.', '360370', '27', ''),
(1596, 'JETPUR K.B.', '360370', '27', ''),
(1597, 'JIVAPAR', '363650', '27', ''),
(1598, 'JODJPAR NADI', '363642', '27', ''),
(1599, 'JUNA GHANTILA', '363630', '27', ''),
(1600, 'JUNA NAGDAVAS', '363670', '27', ''),
(1601, 'JUNA PIPALIYA', '364490', '27', ''),
(1602, 'JUNA RAJPIPALA', '360020', '27', ''),
(1603, 'JUNI SANKLI', '360360', '27', ''),
(1604, 'KADUKA', '360050', '27', ''),
(1605, 'KAGADADI', '360003', '27', ''),
(1606, 'KAGVAD', '360380', '27', ''),
(1607, 'KALANA', '360410', '27', ''),
(1608, 'KALARIYA', '360490', '27', ''),
(1609, 'KALASAR', '360050', '27', ''),
(1610, 'KAMALAPUR', '360020', '27', ''),
(1611, 'KAMAR KOTDA', '360330', '27', ''),
(1612, 'KANESARA', '360020', '27', ''),
(1613, 'KANKOT', '363621', '27', ''),
(1614, 'KANPAR', '360311', '27', ''),
(1615, 'KANPARA', '360040', '27', ''),
(1616, 'KASTURBADHAM', '360020', '27', ''),
(1617, 'KERALA', '363621', '27', ''),
(1618, 'KERALI', '360370', '27', ''),
(1619, 'KHADVANTHALI', '360311', '27', ''),
(1620, 'KHAJURDA', '360440', '27', ''),
(1621, 'KHAJURDI', '360110', '27', ''),
(1622, 'KHAKHDABELA', '360110', '27', ''),
(1623, 'KHAKHIJALIYA', '360490', '27', ''),
(1624, 'KHAKHRALA', '363641', '27', ''),
(1625, 'KHAKHRECHI', '363630', '27', ''),
(1626, 'KHAMBHA', '360311', '27', ''),
(1627, 'KHAMBHALA', '360110', '27', ''),
(1628, 'KHAMTA', '360110', '27', ''),
(1629, 'KHANDADHAR', '360311', '27', ''),
(1630, 'KHANDHERI', '360110', '27', ''),
(1631, 'KHANDHEVADIA', '360055', '27', ''),
(1632, 'KHANPAR', '363641', '27', ''),
(1633, 'KHARACHIYA', '360470', '27', ''),
(1634, 'KHARACHIYA JAM', '360060', '27', ''),
(1635, 'KHARECHIYA', '360020', '27', ''),
(1636, 'KHAREDA', '360030', '27', ''),
(1637, 'KHATLI', '360452', '27', ''),
(1638, 'KHERDA', '363641', '27', ''),
(1639, 'KHERDI', '360002', '27', ''),
(1640, 'KHERVA', '363621', '27', ''),
(1641, 'KHEVALIYA', '363641', '27', ''),
(1642, 'KHIJADIA', '363621', '27', ''),
(1643, 'KHIRAI', '363670', '27', ''),
(1644, 'KHIRASARA', '360003', '27', ''),
(1645, 'KHIRSARA', '360021', '27', ''),
(1646, 'KHIRSARA (GHED)', '360450', '27', ''),
(1647, 'KHODAPIPAR', '360110', '27', ''),
(1648, 'KHOKHADDAD', '360002', '27', ''),
(1649, 'KHORANA', '360003', '27', ''),
(1650, 'KOLITHAD', '360311', '27', ''),
(1651, 'KOLKI', '360470', '27', ''),
(1652, 'KOTDA NAYANI', '360003', '27', ''),
(1653, 'KOTDA SANGANI', '360030', '27', ''),
(1654, 'KOTHA PIPALIA', '360035', '27', ''),
(1655, 'KOTHARIA', '363621', '27', ''),
(1656, 'KOTHARIA(TANKARA)', '363650', '27', ''),
(1657, 'KOTHARIATBHOSPITAL', '360002', '27', ''),
(1658, 'KOTHI', '363621', '27', ''),
(1659, 'KUCHIYADAD', '360002', '27', ''),
(1660, 'KUMBHARIYA', '363630', '27', ''),
(1661, 'KUNDANI', '360020', '27', ''),
(1662, 'KUNTASI', '363660', '27', ''),
(1663, 'KUVADAVA', '360002', '27', ''),
(1664, 'LAJAI', '363641', '27', ''),
(1665, 'LAKHAVAD MOTI', '360055', '27', ''),
(1666, 'LAKHAVAD NANI', '360060', '27', ''),
(1667, 'LATH', '360490', '27', ''),
(1668, 'LAVANPUR', '363660', '27', ''),
(1669, 'LILAPAR', '363641', '27', ''),
(1670, 'LILAPUR', '360050', '27', ''),
(1671, 'LODHIKA', '360035', '27', ''),
(1672, 'LUNIVAV', '360311', '27', ''),
(1673, 'LUNSAR', '363621', '27', ''),
(1674, 'LUNSARIYA', '363621', '27', ''),
(1675, 'MADHAPAR', '360006', '27', ''),
(1676, 'MAFATIYAPARA', '360002', '27', ''),
(1677, 'MAGHARVADA', '360003', '27', ''),
(1678, 'MAHENDRANAGAR', '363642', '27', ''),
(1679, 'MAHIKA', '363621', '27', ''),
(1680, 'MAKAJIMEGHPAR', '360110', '27', ''),
(1681, 'MAKANSAR', '363642', '27', ''),
(1682, 'MALIYA MIYANA', '363670', '27', ''),
(1683, 'MALIYASAN', '360003', '27', ''),
(1684, 'MANDAN KUNDLA', '360330', '27', ''),
(1685, 'MANDLIKPUR', '360370', '27', ''),
(1686, 'MANEKWADA', '363641', '27', ''),
(1687, 'MATEL', '363621', '27', ''),
(1688, 'MAVDI', '360004', '27', ''),
(1689, 'MEGHPAR', '364490', '27', ''),
(1690, 'MEGHPAR ZALA', '363650', '27', ''),
(1691, 'MEKHA TIMBI', '360470', '27', ''),
(1692, 'MENGNI', '360070', '27', ''),
(1693, 'MERVADAR', '360490', '27', ''),
(1694, 'MESARIYA', '363621', '27', ''),
(1695, 'MESAVADA', '360003', '27', ''),
(1696, 'META KHAMBHALIYA', '364465', '27', ''),
(1697, 'MEVASA', '360370', '27', ''),
(1698, 'MITANA', '363650', '27', ''),
(1699, 'MODHUKA', '360055', '27', ''),
(1700, 'MOJIRA', '360490', '27', ''),
(1701, 'MORBI', '363641', '27', ''),
(1702, 'MORBI ENG.COLLEGE', '363642', '27', ''),
(1703, 'MORBI GIDC', '363641', '27', ''),
(1704, 'MORBI NANI BAZAR', '363641', '27', ''),
(1705, 'MORBI PPW', '363642', '27', ''),
(1706, 'MORBI SHAKTI PLOT', '363641', '27', ''),
(1707, 'MOTA BHELA', '363660', '27', ''),
(1708, 'MOTA GUNDALA', '360370', '27', ''),
(1709, 'MOTA KHIJADIA', '363650', '27', ''),
(1710, 'MOTA MANDVA', '360311', '27', ''),
(1711, 'MOTA MAVA', '360005', '27', ''),
(1712, 'MOTAKHIJADIA', '360110', '27', ''),
(1713, 'MOTAVADA', '360110', '27', ''),
(1714, 'MOTI KHILORI', '364465', '27', ''),
(1715, 'MOTI MARAD', '360421', '27', ''),
(1716, 'MOTI PARABADI', '360360', '27', ''),
(1717, 'MOTI VAVDI', '360440', '27', ''),
(1718, 'MOTIBARAR', '363670', '27', ''),
(1719, 'MOTICHANOL', '360110', '27', ''),
(1720, 'MOVIYA', '360330', '27', ''),
(1721, 'NAGALKHADA', '360410', '27', ''),
(1722, 'NAGAR PIPALIYA', '360021', '27', ''),
(1723, 'NAGVADAR', '360490', '27', ''),
(1724, 'NANA KHIJADIA', '360110', '27', ''),
(1725, 'NANA MANDVA', '360311', '27', ''),
(1726, 'NANI BARAR', '363670', '27', ''),
(1727, 'NANI PARABADI', '360360', '27', ''),
(1728, 'NANI VAVDI', '363641', '27', ''),
(1729, 'NASITPAR', '363641', '27', ''),
(1730, 'NAVA MATRAVAD', '360450', '27', ''),
(1731, 'NAVAGADH', '360375', '27', ''),
(1732, 'NAVAGAM', '363670', '27', ''),
(1733, 'NEKNAM', '363650', '27', ''),
(1734, 'NESDA (K)', '363641', '27', ''),
(1735, 'NICHIMANDAL', '363641', '27', ''),
(1736, 'NILAKHA', '360490', '27', ''),
(1737, 'NONGHANCHORA', '360070', '27', ''),
(1738, 'OTALA', '363650', '27', ''),
(1739, 'PADASAN', '360020', '27', ''),
(1740, 'PADAVLA', '360480', '27', ''),
(1741, 'PADDHARA', '363621', '27', ''),
(1742, 'PADDHARI', '360110', '27', ''),
(1743, 'PAL', '360004', '27', ''),
(1744, 'PANCH PIPLA', '360370', '27', ''),
(1745, 'PANCHASAR', '363641', '27', ''),
(1746, 'PANCHASIA', '363621', '27', ''),
(1747, 'PANCHAVADA', '360040', '27', ''),
(1748, 'PANCHAVDA', '360311', '27', ''),
(1749, 'PANCHDWARKA', '363621', '27', ''),
(1750, 'PANELI', '360480', '27', ''),
(1751, 'PARA PIPALIYA', '360006', '27', ''),
(1752, 'PARDI', '360024', '27', ''),
(1753, 'PATANVAV', '360430', '27', ''),
(1754, 'PATIDAD', '360311', '27', ''),
(1755, 'PEDHLA', '360370', '27', ''),
(1756, 'PIPALIYA', '360003', '27', ''),
(1757, 'PIPALIYA RAJ', '363621', '27', ''),
(1758, 'PIPALIYA(SADAK)', '360311', '27', ''),
(1759, 'PIPALVA', '360360', '27', ''),
(1760, 'PIPARDI', '360055', '27', ''),
(1761, 'PIPLI', '363642', '27', ''),
(1762, 'PITHADIA', '360370', '27', ''),
(1763, 'PRANSLA', '360490', '27', ''),
(1764, 'PREMGADH', '360370', '27', ''),
(1765, 'RABARIKA', '360470', '27', ''),
(1766, 'RAFALA', '360003', '27', ''),
(1767, 'RAFALESHWAR', '363642', '27', ''),
(1768, 'RAIDI', '360410', '27', ''),
(1769, 'RAIYA', '360005', '27', ''),
(1770, 'RAJAPARA', '360030', '27', ''),
(1771, 'RAJAVADALA', '363621', '27', ''),
(1772, 'RAJKOT', '360001', '27', ''),
(1773, 'RAJKOT RAIYA ROAD', '360007', '27', ''),
(1774, 'RAJKOT AJI IND ESTATE', '360003', '27', ''),
(1775, 'RAJKOT BEDIPARA', '360003', '27', ''),
(1776, 'RAJKOT BHAKTINAGAR', '360002', '27', ''),
(1777, 'RAJKOT BHOMESHWAR PLOT', '360006', '27', ''),
(1778, 'RAJKOT CITY', '360001', '27', ''),
(1779, 'RAJKOT COLLECTORATE', '360001', '27', ''),
(1780, 'RAJKOT D H COLLEGE', '360001', '27', ''),
(1781, 'RAJKOT JAIRAJ PLOT', '360001', '27', ''),
(1782, 'RAJKOT JN. PLOT', '360001', '27', ''),
(1783, 'RAJKOT KALAVAD ROAD', '360001', '27', ''),
(1784, 'RAJKOT MALVIYANAGAR', '360004', '27', ''),
(1785, 'RAJKOT MANAHAR PLOT', '360002', '27', ''),
(1786, 'RAJKOT MANDVI CHOWK', '360001', '27', ''),
(1787, 'RAJKOT MARKETING YARD', '360003', '27', ''),
(1788, 'RAJKOT METODA GIDC', '360021', '27', ''),
(1789, 'RAJKOT MILLPARA', '360002', '27', ''),
(1790, 'RAJKOT MOCHI BAZAR', '360001', '27', ''),
(1791, 'RAJKOT MUNICIPAL CORPORATION', '360001', '27', ''),
(1792, 'RAJKOT NEW JAGNATH PLOT', '360001', '27', ''),
(1793, 'RAJKOT PARSI AGIYARI CHOWK', '360001', '27', ''),
(1794, 'RAJKOT POPATPARA', '360001', '27', ''),
(1795, 'RAJKOT POSTAL COLONY', '360004', '27', ''),
(1796, 'RAJKOT RACE COURSE ROAD', '360001', '27', ''),
(1797, 'RAJKOT SAU UNI AREA', '360005', '27', ''),
(1798, 'RAJKOT SORATHIAWADI', '360002', '27', ''),
(1799, 'RAJKOT UDYOGNAGAR', '360002', '27', ''),
(1800, 'RAJKOT VIVEKANANDNAGAR', '360002', '27', ''),
(1801, 'RAJPAR', '363641', '27', ''),
(1802, 'RAMOD', '360311', '27', ''),
(1803, 'RAMPAR MOTA', '360110', '27', ''),
(1804, 'RAMPAR PATI', '360110', '27', ''),
(1805, 'RANEKPAR', '363621', '27', ''),
(1806, 'RANGPAR (BELA)', '363641', '27', ''),
(1807, 'RATIDEVDI', '363621', '27', ''),
(1808, 'RAVAPAR', '363642', '27', ''),
(1809, 'RAVKI', '360004', '27', ''),
(1810, 'RAVNA', '364490', '27', ''),
(1811, 'RESHAMDI GALOL', '360370', '27', ''),
(1812, 'RIB', '360311', '27', ''),
(1813, 'RIBDA', '360311', '27', ''),
(1814, 'ROGHEL', '360410', '27', ''),
(1815, 'ROHISHALA', '363650', '27', ''),
(1816, 'RUPAVATI', '360110', '27', ''),
(1817, 'SADULKANAVA', '363642', '27', ''),
(1818, 'SAJADIYALI', '360450', '27', ''),
(1819, 'SAJANPAR', '363641', '27', ''),
(1820, 'SAL PIPALIA', '360110', '27', ''),
(1821, 'SAMADHIYALA', '363621', '27', ''),
(1822, 'SANALI', '360055', '27', ''),
(1823, 'SANATHALI', '364490', '27', ''),
(1824, 'SANDHVAYA', '360311', '27', ''),
(1825, 'SANGANVA', '360035', '27', ''),
(1826, 'SANOSARA', '360003', '27', ''),
(1827, 'SAPAR', '363630', '27', ''),
(1828, 'SARAPDAD', '360110', '27', ''),
(1829, 'SARAVAD', '363641', '27', ''),
(1830, 'SARDHAR', '360020', '27', ''),
(1831, 'SARDHARKA', '363621', '27', ''),
(1832, 'SARDHARPUR', '360375', '27', ''),
(1833, 'SATAPAR', '360330', '27', ''),
(1834, 'SATODAD', '360405', '27', ''),
(1835, 'SAVADI', '363650', '27', ''),
(1836, 'SEMLA', '360311', '27', ''),
(1837, 'SHAKAT SANALA', '363641', '27', ''),
(1838, 'SHAPAR( HALAR)', '360024', '27', ''),
(1839, 'SHISHAK', '360330', '27', ''),
(1840, 'SHIVRAJGADH', '360311', '27', ''),
(1841, 'SHIVRAJPUR', '360050', '27', ''),
(1842, 'SHRI SHARDANAGAR', '363636', '27', ''),
(1843, 'SHRINATHGADH', '360330', '27', ''),
(1844, 'SINDHAVADAR', '363621', '27', ''),
(1845, 'SODVADAR', '360440', '27', ''),
(1846, 'SOKHDA', '363670', '27', ''),
(1847, 'SULTANPUR', '363630', '27', ''),
(1848, 'SUPEDI', '360440', '27', ''),
(1849, 'SUVAG', '360110', '27', ''),
(1850, 'TALAGANA', '360490', '27', ''),
(1851, 'TANASVA', '360490', '27', ''),
(1852, 'TANKARA', '363650', '27', ''),
(1853, 'TARAKIYA', '363621', '27', ''),
(1854, 'TARGHADI', '363636', '27', ''),
(1855, 'TARGHADIA', '360003', '27', ''),
(1856, 'TARGHARI', '360110', '27', ''),
(1857, 'THANA GALOL', '360370', '27', ''),
(1858, 'THORALA', '363641', '27', ''),
(1859, 'THORIYALI', '360110', '27', ''),
(1860, 'TIMBDI ARAB', '360360', '27', ''),
(1861, 'TIMBDI JAM', '360450', '27', ''),
(1862, 'TITHVA', '363621', '27', ''),
(1863, 'TORANIA', '360360', '27', ''),
(1864, 'TRAKUDA', '360311', '27', ''),
(1865, 'UKARDA', '360110', '27', ''),
(1866, 'UMRALI', '360020', '27', ''),
(1867, 'UNCHI MANDAL', '363641', '27', ''),
(1868, 'UPLETA', '360490', '27', ''),
(1869, 'UPLETA LATI PLOT', '360490', '27', ''),
(1870, 'VACHHAKAPAR', '363650', '27', ''),
(1871, 'VACHHRA', '360311', '27', ''),
(1872, 'VADALA', '360490', '27', ''),
(1873, 'VADALI', '360450', '27', ''),
(1874, 'VADASADA', '364485', '27', ''),
(1875, 'VADHARVA', '363670', '27', ''),
(1876, 'VADOD', '360050', '27', ''),
(1877, 'VADODAR', '360410', '27', ''),
(1878, 'VAGHASIYA', '363621', '27', ''),
(1879, 'VAGHPAR', '363630', '27', ''),
(1880, 'VALASAN', '363621', '27', ''),
(1881, 'VANGADHRA', '360055', '27', ''),
(1882, 'VANKADA', '363641', '27', ''),
(1883, 'VARDUSAR', '363621', '27', ''),
(1884, 'VARJANG JALIA', '360490', '27', ''),
(1885, 'VARSAMEDI', '363660', '27', ''),
(1886, 'VASAVAD', '364490', '27', ''),
(1887, 'VAVANIA', '363660', '27', ''),
(1888, 'VAVDI', '360004', '27', ''),
(1889, 'VAVDI STATION', '364485', '27', ''),
(1890, 'VEJALPAR', '363630', '27', ''),
(1891, 'VEKRI', '360311', '27', ''),
(1892, 'VENASAR', '363630', '27', ''),
(1893, 'VERAVAL (SHAPAR)', '360024', '27', ''),
(1894, 'VINCHHIYA', '360055', '27', ''),
(1895, 'VINZIVAD', '364470', '27', ''),
(1896, 'VIRNAGAR', '360060', '27', ''),
(1897, 'VIRPAR', '363641', '27', ''),
(1898, 'VIRPARDA', '363660', '27', ''),
(1899, 'VIRPUR', '360380', '27', ''),
(1900, 'VIRVADRKA', '363670', '27', ''),
(1901, 'VIRVAV', '363650', '27', ''),
(1902, 'VISAMAN', '360110', '27', ''),
(1903, 'VORA KOTDA', '360311', '27', ''),
(1904, 'WANKANER', '363621', '27', ''),
(1905, 'ZANZMER', '360440', '27', ''),
(1906, 'ZILARIYA', '360110', '27', ''),
(1907, 'ZINKIYALI', '363641', '27', ''),
(1908, 'ZIYANA', '360003', '27', ''),
(1909, 'ZUNDALA', '364490', '27', ''),
(1910, 'ABHOL', '391421', '32', ''),
(1911, 'ACHISARA', '391111', '32', ''),
(1912, 'ADIRAN', '391510', '32', ''),
(1913, 'AGAR', '391150', '32', ''),
(1914, 'AJOD', '391740', '32', ''),
(1915, 'AJWA COMPOUND', '391510', '32', ''),
(1916, 'AJWA ROAD', '390019', '32', ''),
(1917, 'AKAKHEDA', '391145', '32', ''),
(1918, 'AKONA', '391150', '32', ''),
(1919, 'AKOTA', '390020', '32', ''),
(1920, 'ALHADPURA', '391135', '32', ''),
(1921, 'ALKAPURI', '390007', '32', ''),
(1922, 'ALVA', '391760', '32', ''),
(1923, 'AMALIYARA', '390022', '32', ''),
(1924, 'AMBADA', '391445', '32', ''),
(1925, 'AMBADUNGAR', '391175', '32', ''),
(1926, 'AMBALA', '391165', '32', ''),
(1927, 'AMBALI', '391760', '32', ''),
(1928, 'AMBAPURA', '391145', '32', ''),
(1929, 'AMLA', '391445', '32', ''),
(1930, 'AMODAR', '390019', '32', ''),
(1931, 'AMPAD', '391101', '32', ''),
(1932, 'AMRESHWAR', '391761', '32', ''),
(1933, 'AMROLI', '391150', '32', ''),
(1934, 'ANANDI', '391111', '32', ''),
(1935, 'ANANDPURA', '391761', '32', ''),
(1936, 'ANASTU', '391240', '32', ''),
(1937, 'ANGADH', '391330', '32', ''),
(1938, 'ANGUTHAN', '391107', '32', ''),
(1939, 'ANIYADRI', '391160', '32', ''),
(1940, 'ANJESAR', '391775', '32', ''),
(1941, 'ANKHOL', '390019', '32', ''),
(1942, 'ANKODIA', '391330', '32', ''),
(1943, 'ANTI', '391445', '32', ''),
(1944, 'ANTOLI', '391761', '32', ''),
(1945, 'ASAR', '391168', '32', ''),
(1946, 'ASOJ', '391510', '32', ''),
(1947, 'ATALI', '391244', '32', ''),
(1948, 'ATHADUNGRI', '391170', '32', ''),
(1949, 'ATHAVALI', '391140', '32', ''),
(1950, 'ATLADARA', '390012', '32', ''),
(1951, 'BACHAR', '391244', '32', ''),
(1952, 'BAHADARPUR', '391125', '32', ''),
(1953, 'BAHUTHA', '391775', '32', ''),
(1954, 'BAJWA', '391310', '32', ''),
(1955, 'BAKROL', '390019', '32', ''),
(1956, 'BAMAN GAM', '391210', '32', ''),
(1957, 'BAMROLI', '391125', '32', ''),
(1958, 'BANGAPURA', '391145', '32', ''),
(1959, 'BAR', '391160', '32', ''),
(1960, 'BARANPURA', '390001', '32', ''),
(1961, 'BARAVAD', '391160', '32', ''),
(1962, 'BARKAL', '391105', '32', ''),
(1963, 'BAROLI', '391150', '32', ''),
(1964, 'BEDIA', '391165', '32', ''),
(1965, 'BHADARA', '391445', '32', ''),
(1966, 'BHADARWA', '391780', '32', ''),
(1967, 'BHAILY', '391410', '32', ''),
(1968, 'BHAKA', '391152', '32', ''),
(1969, 'BHALOD', '393105', '32', ''),
(1970, 'BHANIARA', '391510', '32', ''),
(1971, 'BHANPUR', '391160', '32', ''),
(1972, 'BHARTHANA', '391244', '32', ''),
(1973, 'BHARVADA', '391150', '32', ''),
(1974, 'BHATPUR', '391130', '32', ''),
(1975, 'BHENSAVALI', '391160', '32', ''),
(1976, 'BHIKHAPUR', '391160', '32', ''),
(1977, 'BHILAPUR', '391107', '32', ''),
(1978, 'BHILODIA', '391110', '32', ''),
(1979, 'BHILPUR', '391160', '32', ''),
(1980, 'BHINDOL', '391135', '32', ''),
(1981, 'BHOJ', '391445', '32', ''),
(1982, 'BHORDA', '391165', '32', ''),
(1983, 'BHUMASWADA', '391165', '32', ''),
(1984, 'BILL', '391410', '32', ''),
(1985, 'BITHLI', '391105', '32', ''),
(1986, 'BODELI', '391135', '32', ''),
(1987, 'BODKA', '391240', '32', ''),
(1988, 'BORBAR', '391107', '32', ''),
(1989, 'BORDHA', '391135', '32', ''),
(1990, 'BORTALAV', '391145', '32', ''),
(1991, 'BRAHAMANVASHI', '391421', '32', ''),
(1992, 'CHALAMALI', '391140', '32', ''),
(1993, 'CHAMETHA', '391150', '32', ''),
(1994, 'CHAMPANER ROAD', '391510', '32', ''),
(1995, 'CHANDOD', '391105', '32', ''),
(1996, 'CHANDRANAGAR', '391520', '32', ''),
(1997, 'CHANSAD', '391440', '32', ''),
(1998, 'CHANVADA', '391110', '32', ''),
(1999, 'CHAPAD', '391410', '32', ''),
(2000, 'CHEMICAL INDUSTRIES', '390003', '32', ''),
(2001, 'CHHALIAR', '391530', '32', ''),
(2002, 'CHHANBHOI', '391111', '32', ''),
(2003, 'CHHANCHAVA', '391244', '32', ''),
(2004, 'CHHANI', '391740', '32', ''),
(2005, 'CHHANI RD', '390002', '32', ''),
(2006, 'CHHATRAL', '391210', '32', ''),
(2007, 'CHHATRALI', '391135', '32', ''),
(2008, 'CHHOTA-UDEPUR', '391165', '32', ''),
(2009, 'CHHUCHHAPURA', '391125', '32', ''),
(2010, 'CHIKHODARA', '390009', '32', ''),
(2011, 'CHIPAD', '391760', '32', ''),
(2012, 'CHISADIYA', '391165', '32', ''),
(2013, 'CHITRAL', '391430', '32', ''),
(2014, 'CHOKARI', '391450', '32', ''),
(2015, 'CHORANDA', '391244', '32', ''),
(2016, 'CHORBHUJ', '391240', '32', ''),
(2017, 'CHORNGALA', '391130', '32', ''),
(2018, 'CHUDEL', '391160', '32', ''),
(2019, 'DABHASA', '391440', '32', ''),
(2020, 'DABHOI', '391110', '32', ''),
(2021, 'DABHOI R.S.', '391110', '32', ''),
(2022, 'DABHOI VADODARI BHAGOL', '391110', '32', ''),
(2023, 'DABKA', '391440', '32', ''),
(2024, 'DAJIPURA', '391774', '32', ''),
(2025, 'DANI', '391152', '32', ''),
(2026, 'DANTESHWAR', '390004', '32', ''),
(2027, 'DARAPURA', '391440', '32', ''),
(2028, 'DASHRATH', '391740', '32', ''),
(2029, 'DENA', '390022', '32', ''),
(2030, 'DEROLI', '391130', '32', ''),
(2031, 'DESAR', '391774', '32', ''),
(2032, 'DEVALIA', '391160', '32', ''),
(2033, 'DHAMASIYA', '391150', '32', ''),
(2034, 'DHANDHODA', '391165', '32', ''),
(2035, 'DHANIAVI', '390014', '32', ''),
(2036, 'DHANORA', '391510', '32', ''),
(2037, 'DHANTEJ', '391530', '32', ''),
(2038, 'DHARMPURI', '391110', '32', ''),
(2039, 'DHAVAT', '391210', '32', ''),
(2040, 'DHOLAR', '391107', '32', ''),
(2041, 'DHOLI SIMAL', '391165', '32', ''),
(2042, 'DODKA', '391340', '32', ''),
(2043, 'DOLARIA', '391165', '32', ''),
(2044, 'DORMAR', '391125', '32', ''),
(2045, 'DUDHWADA', '391450', '32', ''),
(2046, 'DUGDHA', '391150', '32', ''),
(2047, 'DUMAD', '391740', '32', ''),
(2048, 'DUMALI', '391160', '32', ''),
(2049, 'DUNGARGAM', '391165', '32', ''),
(2050, 'DUNGARVANT', '391160', '32', ''),
(2051, 'EKALBARA', '391165', '32', ''),
(2052, 'EKELBARA', '391440', '32', ''),
(2053, 'EME', '390008', '32', ''),
(2054, 'FALOD', '391760', '32', ''),
(2055, 'FANTA', '391125', '32', ''),
(2056, 'FARTIKUI', '391107', '32', ''),
(2057, 'FARTILIZER NAGAR', '391750', '32', ''),
(2058, 'FATEGANJ', '390002', '32', ''),
(2059, 'FATEPURA', '390006', '32', ''),
(2060, 'FAZALPUR', '391340', '32', ''),
(2061, 'FERKUVA', '391135', '32', ''),
(2062, 'GABHIRPURA', '391761', '32', ''),
(2063, 'GADHBORIAD', '391152', '32', ''),
(2064, 'GAMETHA', '391430', '32', ''),
(2065, 'GANDHARA', '391210', '32', ''),
(2066, 'GANESHPURA', '391510', '32', ''),
(2067, 'GANGADIA', '391520', '32', ''),
(2068, 'GANPATPURA', '391760', '32', ''),
(2069, 'GARDA', '391145', '32', ''),
(2070, 'GARDHIA', '391520', '32', ''),
(2071, 'GAVASAD', '391430', '32', ''),
(2072, 'GEB', '390007', '32', ''),
(2073, 'GHANTIYAL', '391510', '32', ''),
(2074, 'GHANTOLI', '391150', '32', ''),
(2075, 'GHAYAJ', '391440', '32', ''),
(2076, 'GHELAWANT', '391165', '32', ''),
(2077, 'GHODADARA', '391760', '32', ''),
(2078, 'GOLA GAMDI', '391125', '32', ''),
(2079, 'GORAJ', '391761', '32', ''),
(2080, 'GORIYAD', '391440', '32', ''),
(2081, 'GORWA', '390003', '32', ''),
(2082, 'GOSINDRA', '391240', '32', ''),
(2083, 'GOTHDA', '391770', '32', ''),
(2084, 'GOTRI', '390021', '32', ''),
(2085, 'GOYAWANT', '391150', '32', ''),
(2086, 'GUNDICHA', '391145', '32', ''),
(2087, 'GUTAL', '391760', '32', ''),
(2088, 'HANDOD', '391145', '32', ''),
(2089, 'HARAKHAPUR', '391160', '32', ''),
(2090, 'HARESHWAR', '391125', '32', ''),
(2091, 'HARIPURA', '391150', '32', ''),
(2092, 'HARNI', '390022', '32', ''),
(2093, 'HARNI COLONY', '390022', '32', ''),
(2094, 'HIMMATPURA', '391774', '32', ''),
(2095, 'HUSEPURA', '391445', '32', ''),
(2096, 'INDRAD', '391510', '32', ''),
(2097, 'INDRAL', '391130', '32', ''),
(2098, 'INDUSTRIAL ESTATE', '390016', '32', ''),
(2099, 'ITOLA', '391240', '32', ''),
(2100, 'ITOLA R.S.', '391240', '32', ''),
(2101, 'ITWAD', '391774', '32', ''),
(2102, 'JABUGAM', '391155', '32', ''),
(2103, 'JAKSHI', '391150', '32', ''),
(2104, 'JALALPURA', '391430', '32', ''),
(2105, 'JALODA', '391160', '32', ''),
(2106, 'JAMBA', '391160', '32', ''),
(2107, 'JAMBUGORAL', '391774', '32', ''),
(2108, 'JAMBUVA', '390014', '32', ''),
(2109, 'JAMLI', '391152', '32', ''),
(2110, 'JAROD', '391510', '32', ''),
(2111, 'JASPURA', '391440', '32', ''),
(2112, 'JAWAHAR NAGAR', '391320', '32', ''),
(2113, 'JEMALGADH', '391150', '32', ''),
(2114, 'JIYATALAVDI', '391220', '32', ''),
(2115, 'JOJWA R.S.', '391125', '32', ''),
(2116, 'JUNA SAMLAYA', '391520', '32', ''),
(2117, 'JUNARAMPURA', '391760', '32', ''),
(2118, 'JUNI JATHARDI', '391240', '32', ''),
(2119, 'KADACHHALA', '391140', '32', ''),
(2120, 'KADADHARA', '391107', '32', ''),
(2121, 'KADCHHALA', '391774', '32', ''),
(2122, 'KADIPANI', '391175', '32', ''),
(2123, 'KADVAD', '391160', '32', ''),
(2124, 'KAHNDIA', '391761', '32', ''),
(2125, 'KALALI', '390012', '32', ''),
(2126, 'KALARANI', '391135', '32', ''),
(2127, 'KALEDIA', '391150', '32', ''),
(2128, 'KALIDOLI', '391140', '32', ''),
(2129, 'KALIYAPURA', '391150', '32', ''),
(2130, 'KAMALPURA', '391520', '32', ''),
(2131, 'KAMROL', '391510', '32', ''),
(2132, 'KANALVA', '391168', '32', ''),
(2133, 'KANBHA', '391240', '32', ''),
(2134, 'KANBOLA', '391240', '32', ''),
(2135, 'KANDA', '391160', '32', ''),
(2136, 'KANDARI', '391210', '32', ''),
(2137, 'KANTESHWAR', '391125', '32', ''),
(2138, 'KAPURAI', '390004', '32', ''),
(2139, 'KARALI', '391135', '32', ''),
(2140, 'KARALIPURA', '391110', '32', ''),
(2141, 'KARAMDI', '391240', '32', ''),
(2142, 'KARANJWANT', '391165', '32', ''),
(2143, 'KARCHIA', '391520', '32', ''),
(2144, 'KARCHIYA', '391310', '32', ''),
(2145, 'KARELIBAUG', '390018', '32', ''),
(2146, 'KARKHADI', '391450', '32', ''),
(2147, 'KARMAL', '391210', '32', ''),
(2148, 'KARMALIYAPURA', '391761', '32', ''),
(2149, 'KARNALI', '391105', '32', ''),
(2150, 'KARNET', '391110', '32', ''),
(2151, 'KARODIA', '391310', '32', ''),
(2152, 'KASUMBIA', '391761', '32', ''),
(2153, 'KAVITHA', '391125', '32', ''),
(2154, 'KAWANT', '391170', '32', ''),
(2155, 'KAYAVAHRON', '391220', '32', ''),
(2156, 'KELANPUR', '390004', '32', ''),
(2157, 'KHADKHAD', '391165', '32', ''),
(2158, 'KHAKHARIA', '391510', '32', ''),
(2159, 'KHANDA', '391760', '32', ''),
(2160, 'KHANDERAO MARKET', '390001', '32', ''),
(2161, 'KHAPARIYA', '391150', '32', ''),
(2162, 'KHARMADA', '391152', '32', ''),
(2163, 'KHATIAWANT', '391135', '32', ''),
(2164, 'KHEDA KARMASIYA', '391510', '32', ''),
(2165, 'KHERVADI', '391761', '32', ''),
(2166, 'KHUNVAD', '391130', '32', ''),
(2167, 'KIKAVADA', '391160', '32', ''),
(2168, 'KIYA', '392310', '32', ''),
(2169, 'KOHIVAV', '391160', '32', ''),
(2170, 'KOLAMBA', '391152', '32', ''),
(2171, 'KOSINDRA', '391140', '32', ''),
(2172, 'KOTAMBI', '391510', '32', ''),
(2173, 'KOTNA', '391330', '32', ''),
(2174, 'KOYALI', '391330', '32', ''),
(2175, 'KUKAD', '391110', '32', ''),
(2176, 'KUKARDA', '391150', '32', ''),
(2177, 'KUMETHA', '390019', '32', ''),
(2178, 'KUNDAL', '391165', '32', ''),
(2179, 'KUNDHELA', '391107', '32', ''),
(2180, 'KURAI', '391240', '32', ''),
(2181, 'KURAL', '391430', '32', ''),
(2182, 'KURALI', '391240', '32', ''),
(2183, 'KUVARPURA', '391761', '32', ''),
(2184, 'KUVARVADA', '391760', '32', ''),
(2185, 'LACHHARAS', '391130', '32', ''),
(2186, 'LADOD', '391135', '32', ''),
(2187, 'LAKODARA', '391244', '32', ''),
(2188, 'LAMDAPURA', '391775', '32', ''),
(2189, 'LANCHANPURA', '391770', '32', ''),
(2190, 'LATIPURA', '391440', '32', ''),
(2191, 'LATWA', '391530', '32', ''),
(2192, 'LAVAKUI', '391150', '32', ''),
(2193, 'LILORA', '391510', '32', ''),
(2194, 'LIMDA', '391760', '32', ''),
(2195, 'LIMDI', '391530', '32', ''),
(2196, 'LINGSTHALI', '391220', '32', ''),
(2197, 'LOTIA', '391125', '32', ''),
(2198, 'LUNA', '391440', '32', ''),
(2199, 'M.I. ESTATE', '390010', '32', ''),
(2200, 'MADANZAMPA', '390001', '32', ''),
(2201, 'MADHELI', '391760', '32', ''),
(2202, 'MAHMADPURA', '391440', '32', ''),
(2203, 'MAHUVAD', '391440', '32', ''),
(2204, 'MAJATAN', '391450', '32', ''),
(2205, 'MAKARPURA', '390014', '32', ''),
(2206, 'MAKNI', '391145', '32', ''),
(2207, 'MALPUR', '391145', '32', ''),
(2208, 'MALU', '391761', '32', ''),
(2209, 'MANAVANT', '391168', '32', ''),
(2210, 'MANDALA', '391210', '32', ''),
(2211, 'MANDLAVA', '391165', '32', ''),
(2212, 'MANDVA', '391105', '32', ''),
(2213, 'MANDVI', '390001', '32', ''),
(2214, 'MANEJA', '390013', '32', ''),
(2215, 'MANGLEJ', '391210', '32', ''),
(2216, 'MANJALPUR', '390011', '32', ''),
(2217, 'MANJROL', '391110', '32', ''),
(2218, 'MANJUSAR', '391775', '32', ''),
(2219, 'MANKA', '391170', '32', ''),
(2220, 'MANKODI', '391170', '32', ''),
(2221, 'MANPUR', '391240', '32', ''),
(2222, 'MASAR', '391421', '32', ''),
(2223, 'MASAR ROAD', '391421', '32', ''),
(2224, 'MEGHAKUI', '391107', '32', ''),
(2225, 'MENPURA', '391220', '32', ''),
(2226, 'MERAKUVA', '391774', '32', ''),
(2227, 'METHI', '391240', '32', ''),
(2228, 'MEVLI', '391770', '32', ''),
(2229, 'MITHIBOR', '391165', '32', ''),
(2230, 'MIYAGAM', '391240', '32', ''),
(2231, 'MIYAGAM KARJAN', '391240', '32', ''),
(2232, 'MOBHA', '391430', '32', ''),
(2233, 'MOBHA ROAD', '391430', '32', ''),
(2234, 'MODASAR', '391135', '32', ''),
(2235, 'MOGHELA', '391152', '32', ''),
(2236, 'MOKSHI', '391780', '32', ''),
(2237, 'MOLETHA', '391105', '32', ''),
(2238, 'MORADUNGARI', '391140', '32', ''),
(2239, 'MORAKHALA', '391125', '32', ''),
(2240, 'MORANGANA', '391168', '32', ''),
(2241, 'MOTA HABIPURA', '391111', '32', ''),
(2242, 'MOTA KARALA', '391105', '32', ''),
(2243, 'MOTAGHODA', '391165', '32', ''),
(2244, 'MOTAVANTA', '391170', '32', ''),
(2245, 'MOTI AMROLI', '391160', '32', ''),
(2246, 'MOTI BEG', '391160', '32', ''),
(2247, 'MOTI RASLI', '391160', '32', ''),
(2248, 'MOTIBUMADI', '391155', '32', ''),
(2249, 'MOTIMANEKPUR', '391761', '32', ''),
(2250, 'MOTIPURA', '391520', '32', ''),
(2251, 'MOTIVARNOLI', '391774', '32', ''),
(2252, 'MUDHELA', '391510', '32', ''),
(2253, 'MUJPUR', '391440', '32', ''),
(2254, 'MULDHAR', '391155', '32', ''),
(2255, 'MUNDAMORE', '391135', '32', ''),
(2256, 'MUVADA', '391160', '32', ''),
(2257, 'MUVAL', '391770', '32', ''),
(2258, 'NADA', '391210', '32', ''),
(2259, 'NAHRA', '391770', '32', ''),
(2260, 'NALVANT', '391152', '32', ''),
(2261, 'NAMISARA', '391775', '32', ''),
(2262, 'NANA AMADARA', '391135', '32', ''),
(2263, 'NANA FOFALIA', '391210', '32', ''),
(2264, 'NANA KARALA', '391105', '32', ''),
(2265, 'NANDERIA', '391105', '32', ''),
(2266, 'NANDESARI', '391340', '32', ''),
(2267, 'NANDESARI IND. ESTATE', '391340', '32', ''),
(2268, 'NANDPUR', '391145', '32', ''),
(2269, 'NANI BHADOL', '391520', '32', ''),
(2270, 'NANI TOKRI', '391165', '32', ''),
(2271, 'NARIA', '391107', '32', ''),
(2272, 'NARPURA', '391530', '32', ''),
(2273, 'NARSHIHPURA', '391440', '32', ''),
(2274, 'NASWADI', '391150', '32', ''),
(2275, 'NATWAR NAGAR', '391780', '32', ''),
(2276, 'NAVAGAM', '391510', '32', ''),
(2277, 'NAVALJA', '391170', '32', ''),
(2278, 'NAVAPURA', '391125', '32', ''),
(2279, 'NIMETHA', '390019', '32', ''),
(2280, 'ONGC COL', '390009', '32', ''),
(2281, 'OSLAM', '391244', '32', ''),
(2282, 'PADHARWANT', '391165', '32', ''),
(2283, 'PADMALA', '391350', '32', ''),
(2284, 'PADRA', '391440', '32', ''),
(2285, 'PALA', '391150', '32', ''),
(2286, 'PALASANI', '391152', '32', ''),
(2287, 'PALASWADA', '391107', '32', ''),
(2288, 'PALSANDA', '391160', '32', ''),
(2289, 'PANCHDEVLA', '391510', '32', ''),
(2290, 'PANDHARA', '391155', '32', ''),
(2291, 'PANDU', '391530', '32', ''),
(2292, 'PANEJ', '391140', '32', ''),
(2293, 'PANI', '391160', '32', ''),
(2294, 'PANSOLI', '391110', '32', ''),
(2295, 'PANVAD', '391168', '32', ''),
(2296, 'PARIKHA', '391210', '32', ''),
(2297, 'PARVATA', '391150', '32', ''),
(2298, 'PASVA', '391520', '32', ''),
(2299, 'PATARVENI', '391220', '32', ''),
(2300, 'PAVIJETPUR', '391160', '32', ''),
(2301, 'PETROCHEMICAL', '391346', '32', ''),
(2302, 'PETROCHEMICAL T SHIP', '391345', '32', ''),
(2303, 'PICCHUWADA', '391145', '32', ''),
(2304, 'PILOL', '391745', '32', ''),
(2305, 'PINDAPPA', '391430', '32', ''),
(2306, 'PINGALVADA', '391240', '32', ''),
(2307, 'PIPALCHHAT', '391530', '32', ''),
(2308, 'PIPALDI', '391170', '32', ''),
(2309, 'PIPALIA', '391760', '32', ''),
(2310, 'PIPALSAT', '391145', '32', ''),
(2311, 'PIPLI', '391445', '32', ''),
(2312, 'PISAI', '391111', '32', ''),
(2313, 'POCHAMBA', '391150', '32', ''),
(2314, 'POICHA', '391780', '32', ''),
(2315, 'POR', '391243', '32', ''),
(2316, 'PRATAPGANJ', '390002', '32', ''),
(2317, 'PRATAPNAGAR', '390004', '32', ''),
(2318, 'PRATAPNAGAR R.S.', '390004', '32', ''),
(2319, 'PRATAPPURA', '391774', '32', ''),
(2320, 'PRATHAMPURA', '391770', '32', ''),
(2321, 'PUNIAD', '391111', '32', ''),
(2322, 'PUNIAVANT', '391165', '32', ''),
(2323, 'RACECOURSE', '390007', '32', ''),
(2324, 'RAHKUI', '391510', '32', ''),
(2325, 'RAICHHA', '391168', '32', ''),
(2326, 'RAIKA', '391340', '32', ''),
(2327, 'RAIPUR', '391150', '32', ''),
(2328, 'RAIPURA', '391410', '32', ''),
(2329, 'RAISINGPURA', '391160', '32', ''),
(2330, 'RAJBODELI', '391140', '32', ''),
(2331, 'RAJPURA', '391510', '32', ''),
(2332, 'RAJUPURA', '391530', '32', ''),
(2333, 'RAMNATH', '391220', '32', ''),
(2334, 'RAMPURA', '391145', '32', ''),
(2335, 'RANGPUR (K)', '391135', '32', ''),
(2336, 'RANGPUR(Z)', '391165', '32', ''),
(2337, 'RANIA', '391780', '32', ''),
(2338, 'RANIAPURA', '391520', '32', ''),
(2339, 'RANJIT NAGAR', '391780', '32', ''),
(2340, 'RANOLI', '391350', '32', ''),
(2341, 'RANU', '391445', '32', ''),
(2342, 'RASULABAD', '391510', '32', ''),
(2343, 'RASULPUR', '391770', '32', ''),
(2344, 'RATANPUR', '391160', '32', ''),
(2345, 'RATANPURA', '391145', '32', ''),
(2346, 'RAVAL', '391760', '32', ''),
(2347, 'REMESHWARPURA', '391761', '32', ''),
(2348, 'RODADHA', '391165', '32', ''),
(2349, 'RUMADIA', '391165', '32', ''),
(2350, 'RUSTAMPURA', '391761', '32', ''),
(2351, 'RUVAND', '391220', '32', ''),
(2352, 'SRP GROUP I', '390001', '32', ''),
(2353, 'SADHLI', '391250', '32', ''),
(2354, 'SADRA', '391510', '32', ''),
(2355, 'SAGWA', '391105', '32', ''),
(2356, 'SAIDAL', '391761', '32', ''),
(2357, 'SAIDIVASANA', '391170', '32', ''),
(2358, 'SAIYED VASNA', '390007', '32', ''),
(2359, 'SALOJ', '391135', '32', ''),
(2360, 'SAMA', '390008', '32', ''),
(2361, 'SAMBHOI', '391240', '32', ''),
(2362, 'SAMIYALA', '391410', '32', ''),
(2363, 'SAMLAYA R S', '391520', '32', ''),
(2364, 'SAMPA', '391240', '32', ''),
(2365, 'SAMPLA', '391421', '32', ''),
(2366, 'SAMRA', '391244', '32', ''),
(2367, 'SAMSABAD', '391107', '32', ''),
(2368, 'SANADA', '391165', '32', ''),
(2369, 'SANDASAL', '391530', '32', ''),
(2370, 'SANDHA', '391440', '32', ''),
(2371, 'SANGADOL', '391760', '32', ''),
(2372, 'SANGMA', '391440', '32', ''),
(2373, 'SANIAD', '391244', '32', ''),
(2374, 'SANKARDA', '391350', '32', ''),
(2375, 'SANKHANDRA', '391135', '32', ''),
(2376, 'SANKHEDA', '391145', '32', ''),
(2377, 'SANOR', '391105', '32', ''),
(2378, 'SANPUR', '391430', '32', ''),
(2379, 'SANTKAWNAR COLONY', '390006', '32', ''),
(2380, 'SARAR', '391240', '32', ''),
(2381, 'SARASAVANI', '391445', '32', ''),
(2382, 'SARGI', '391140', '32', ''),
(2383, 'SARNEJ', '391510', '32', ''),
(2384, 'SARSINDA', '391130', '32', ''),
(2385, 'SATHOD', '391111', '32', ''),
(2386, 'SAVLI', '391770', '32', ''),
(2387, 'SAYAJIGANJ', '390020', '32', ''),
(2388, 'SAYAJIPURA', '390019', '32', ''),
(2389, 'SEGWA SIMLI', '391155', '32', ''),
(2390, 'SEJAKUVA', '391440', '32', ''),
(2391, 'SEJWA', '391135', '32', ''),
(2392, 'SENGPUR', '391152', '32', ''),
(2393, 'SEVASI', '391101', '32', ''),
(2394, 'SHAHPURA', '391220', '32', ''),
(2395, 'SHARADNAGAR', '390009', '32', ''),
(2396, 'SHERKHI', '391330', '32', ''),
(2397, 'SHIRA', '391150', '32', ''),
(2398, 'SIHORA', '391530', '32', ''),
(2399, 'SIMALIA', '391110', '32', ''),
(2400, 'SIMLI', '391105', '32', ''),
(2401, 'SIMRI', '391244', '32', ''),
(2402, 'SINDHIKUVA', '391150', '32', ''),
(2403, 'SINDHROT', '391330', '32', ''),
(2404, 'SINGLA', '391168', '32', ''),
(2405, 'SINOR', '391115', '32', ''),
(2406, 'SISVA', '391740', '32', ''),
(2407, 'SITPUR', '391110', '32', ''),
(2408, 'SODHALIYA', '391152', '32', ''),
(2409, 'SOKHDA', '391745', '32', ''),
(2410, 'SOKHDARADHU', '391240', '32', ''),
(2411, 'SUBHANPURA', '390023', '32', ''),
(2412, 'SUBHELAV', '391775', '32', ''),
(2413, 'SUKAL', '391155', '32', ''),
(2414, 'SUNDARPURA', '391240', '32', ''),
(2415, 'SUNDERPURA', '391145', '32', ''),
(2416, 'SURKHEDA', '391165', '32', ''),
(2417, 'T B SANATORIUM', '390021', '32', ''),
(2418, 'TADKACHHLA', '391135', '32', ''),
(2419, 'TAJPURA', '391440', '32', ''),
(2420, 'TANAKHALA', '391151', '32', ''),
(2421, 'TANDALJA', '390012', '32', ''),
(2422, 'TARGOL', '391125', '32', ''),
(2423, 'TARSALI', '390009', '32', ''),
(2424, 'TATARPURA', '390004', '32', ''),
(2425, 'TEJGADH', '391160', '32', ''),
(2426, 'TENTALAV', '391105', '32', ''),
(2427, 'THADGAM', '391170', '32', ''),
(2428, 'THUWAVI', '391107', '32', ''),
(2429, 'TIMBA', '391130', '32', ''),
(2430, 'TITHOR', '391450', '32', ''),
(2431, 'TOTARMATA', '391125', '32', ''),
(2432, 'TULSIPURA', '391510', '32', ''),
(2433, 'TUNDAV', '391775', '32', ''),
(2434, 'UCHAPAN', '391160', '32', ''),
(2435, 'UMARAYA', '391440', '32', ''),
(2436, 'UMARVA', '391160', '32', ''),
(2437, 'UMATHI', '391170', '32', ''),
(2438, 'UNDERA', '391330', '32', ''),
(2439, 'URAD', '391244', '32', ''),
(2440, 'VACHHESAR', '388710', '32', ''),
(2441, 'VADADLA', '391445', '32', ''),
(2442, 'VADAJ', '391105', '32', ''),
(2443, 'VADELI', '391145', '32', ''),
(2444, 'VADIA', '391520', '32', ''),
(2445, 'VADODARA', '390001', '32', ''),
(2446, 'VADSALA', '391240', '32', ''),
(2447, 'VADSAR', '390010', '32', ''),
(2448, 'VADU', '391460', '32', ''),
(2449, 'VAGHODIA', '391760', '32', ''),
(2450, 'VAGUMA', '391152', '32', ''),
(2451, 'VAKANER', '391780', '32', ''),
(2452, 'VAKTAPURA', '391530', '32', ''),
(2453, 'VALAN', '392310', '32', ''),
(2454, 'VALAVAV', '391774', '32', ''),
(2455, 'VALOTHI', '391160', '32', ''),
(2456, 'VALVA', '391761', '32', ''),
(2457, 'VANADARA', '391107', '32', ''),
(2458, 'VANCHHARA', '391430', '32', ''),
(2459, 'VANIAD', '391105', '32', ''),
(2460, 'VANIADRI', '391135', '32', ''),
(2461, 'VANKANEDA', '391774', '32', ''),
(2462, 'VANKLA', '391152', '32', ''),
(2463, 'VANTA', '391135', '32', ''),
(2464, 'VARNAMA', '391240', '32', ''),
(2465, 'VARSADA', '391774', '32', ''),
(2466, 'VASAI', '391110', '32', ''),
(2467, 'VASAN SEVADA', '391145', '32', ''),
(2468, 'VASANPURA', '391770', '32', ''),
(2469, 'VASIA', '391530', '32', ''),
(2470, 'VASNA', '391140', '32', ''),
(2471, 'VASNA KOTARIA', '391745', '32', ''),
(2472, 'VASNA ROAD', '390007', '32', ''),
(2473, 'VASVEL', '391760', '32', ''),
(2474, 'VEDPUR', '391761', '32', ''),
(2475, 'VEJALPURA', '391760', '32', ''),
(2476, 'VEJPUR', '391535', '32', ''),
(2477, 'VEMAR', '391520', '32', ''),
(2478, 'VEMARDI', '391210', '32', ''),
(2479, 'VESANIA', '391760', '32', ''),
(2480, 'VIDHYUT NAGAR COLONY', '390007', '32', ''),
(2481, 'VIJLI', '391170', '32', ''),
(2482, 'VINTOZ', '391770', '32', ''),
(2483, 'VIRJAI', '391240', '32', ''),
(2484, 'VIROD', '390022', '32', ''),
(2485, 'VIRPUR', '391445', '32', ''),
(2486, 'VISTAR', '391440', '32', ''),
(2487, 'VYANKATPURA', '391510', '32', ''),
(2488, 'VYARA ANTOLI', '391760', '32', ''),
(2489, 'WADHWANA', '391110', '32', ''),
(2490, 'WADI S.N. ROAD', '390017', '32', ''),
(2491, 'WAGACH', '391152', '32', ''),
(2492, 'WAGHODIA ROAD', '390019', '32', ''),
(2493, 'WAGHVA', '391160', '32', ''),
(2494, 'WANDARDA', '391761', '32', ''),
(2495, 'ZANZAD', '391115', '32', ''),
(2496, 'ZER', '391152', '32', ''),
(2497, 'ZOZ', '391165', '32', ''),
(2498, 'A I STAFF COLONY', '400029', '50', ''),
(2499, 'AAREYMILK COLONY', '400065', '50', ''),
(2500, 'AGRIPADA', '400011', '50', ''),
(2501, 'AIRPORT', '400099', '50', ''),
(2502, 'AMBEWADI', '400004', '50', ''),
(2503, 'ANDHERI', '400053', '50', ''),
(2504, 'ANDHERI EAST', '400069', '50', ''),
(2505, 'ANDHERI RAILWAY STATION', '400058', '50', ''),
(2506, 'ANTOP HILL', '400037', '50', ''),
(2507, 'ASVINI', '400005', '50', ''),
(2508, 'AZAD NAGAR', '400053', '50', ''),
(2509, 'B P T COLONY', '400003', '50', ''),
(2510, 'B.N. BHAVAN', '400051', '50', ''),
(2511, 'B.P.LANE', '400003', '50', ''),
(2512, 'BANDRA WEST', '400050', '50', ''),
(2513, 'BANDRA(EAST)', '400051', '50', ''),
(2514, 'BANGUR NAGAR', '400090', '50', ''),
(2515, 'BAZARGATE', '400001', '50', ''),
(2516, 'BEST STAFF COLONY', '400012', '50', ''),
(2517, 'BHARAT NAGAR', '400007', '50', ''),
(2518, 'BHAWANI SHANKAR', '400028', '50', ''),
(2519, 'BHAWANI SHANKAR RD', '400028', '50', ''),
(2520, 'BORIVALI', '400091', '50', ''),
(2521, 'BORIVALI EAST', '400066', '50', ''),
(2522, 'BORVALI WEST', '400092', '50', ''),
(2523, 'C G S COLONY', '400013', '50', ''),
(2524, 'CENTRAL BUILDING', '400020', '50', ''),
(2525, 'CENTURY MILL', '400030', '50', ''),
(2526, 'CHAKALA MIDC', '400093', '50', ''),
(2527, 'CHAMARBAUG', '400012', '50', ''),
(2528, 'CHARKOP', '400067', '50', ''),
(2529, 'CHARNI ROAD', '400004', '50', ''),
(2530, 'CHAUPATI', '400004', '50', ''),
(2531, 'CHINCHBUNDER', '400009', '50', ''),
(2532, 'CHINCHPOKLI', '400011', '50', ''),
(2533, 'CHURCHGATE', '400020', '50', ''),
(2534, 'COLABA', '400005', '50', ''),
(2535, 'COTTON EXCHANGE', '400033', '50', ''),
(2536, 'CUMBALLA HILL', '400026', '50', ''),
(2537, 'CUMBALLA SEA FACE', '400026', '50', ''),
(2538, 'CST', '400001', '50', ''),
(2539, 'DADAR', '400014', '50', ''),
(2540, 'DADAR COLONY', '400014', '50', ''),
(2541, 'DAHISAR', '400068', '50', ''),
(2542, 'DAHISAR RS', '400068', '50', ''),
(2543, 'DANDA', '400052', '50', ''),
(2544, 'DAULAT NAGAR', '400066', '50', ''),
(2545, 'DELISLE ROAD', '400013', '50', ''),
(2546, 'DHARAVI', '400017', '50', ''),
(2547, 'DHARAVI ROAD', '400017', '50', ''),
(2548, 'DOCKYARD ROAD', '400010', '50', ''),
(2549, 'DR DESHMUKH MARG', '400026', '50', ''),
(2550, 'FALKLAND ROAD', '400008', '50', ''),
(2551, 'GIRGAON', '400004', '50', ''),
(2552, 'GOKHALE ROAD', '400028', '50', ''),
(2553, 'GOREGAON', '400062', '50', ''),
(2554, 'GOREGAON EAST', '400063', '50', ''),
(2555, 'GOREGAON RS', '400062', '50', ''),
(2556, 'GOVERNMENT COLONY', '400051', '50', ''),
(2557, 'GOWALIA TANK', '400026', '50', ''),
(2558, 'GRANT ROAD', '400007', '50', ''),
(2559, 'H.M.P. SCHOOL', '400058', '50', ''),
(2560, 'HAFFKIN INSTITUTE', '400012', '50', ''),
(2561, 'HAINES ROAD', '400011', '50', ''),
(2562, 'HAJIALI', '400034', '50', ''),
(2563, 'HANUMAN ROAD', '400057', '50', ''),
(2564, 'HIGH COURT BULDING', '400032', '50', ''),
(2565, 'HOLIDAY CAMP', '400005', '50', ''),
(2566, 'IRLA', '400056', '50', ''),
(2567, 'INS HAMLA', '400095', '50', ''),
(2568, 'INTERNATIONAL AIRPORT', '400099', '50', ''),
(2569, 'J.B. NAGAR', '400059', '50', ''),
(2570, 'J.J.HOSPITAL', '400008', '50', ''),
(2571, 'JACOB CIRCLE', '400011', '50', ''),
(2572, 'JOGESHWARI EAST', '400060', '50', ''),
(2573, 'JOGESHWARI WEST', '400102', '50', ''),
(2574, 'JUHU', '400049', '50', ''),
(2575, 'KALACHOWKI', '400033', '50', ''),
(2576, 'KALBADEVI', '400002', '50', ''),
(2577, 'KAMATHIPURA', '400008', '50', ''),
(2578, 'KANDIVALI EAST', '400101', '50', ''),
(2579, 'KANDIVALI WEST', '400067', '50', ''),
(2580, 'KAPAD BAZAR', '400016', '50', ''),
(2581, 'KETKIPADA', '400068', '50', ''),
(2582, 'KHAR COLONY', '400052', '50', ''),
(2583, 'KHAR DELIVERY', '400052', '50', ''),
(2584, 'KHARODI', '400095', '50', ''),
(2585, 'KHERWADI', '400051', '50', ''),
(2586, 'KIDWAI NAGAR', '400031', '50', ''),
(2587, 'L B S N E COLLAGE', '400033', '50', ''),
(2588, 'LAL BAUG', '400012', '50', ''),
(2589, 'LIBERTY GARDEN', '400064', '50', ''),
(2590, 'M A MARG', '400008', '50', ''),
(2591, 'M.P.T.', '400001', '50', ''),
(2592, 'MADH', '400061', '50', ''),
(2593, 'MADHAVBAUG', '400004', '50', ''),
(2594, 'MAGTHANE', '400066', '50', ''),
(2595, 'MAHALAKSHMI', '400011', '50', ''),
(2596, 'MAHIM', '400016', '50', ''),
(2597, 'MAHIM BAZAR', '400016', '50', ''),
(2598, 'MAHIM EAST', '400016', '50', ''),
(2599, 'MALABAR HILL', '400006', '50', ''),
(2600, 'MALAD', '400064', '50', ''),
(2601, 'MALAD EAST', '400097', '50', ''),
(2602, 'MALAD WEST DELY', '400064', '50', ''),
(2603, 'MANDAPESHWAR', '400103', '50', ''),
(2604, 'MANDVI', '400003', '50', ''),
(2605, 'MANTRALAYA', '400032', '50', ''),
(2606, 'MARINE LINES', '400020', '50', ''),
(2607, 'MAROL BAZAR', '400059', '50', ''),
(2608, 'MAROL NAKA', '400059', '50', ''),
(2609, 'MASJID', '400003', '50', ''),
(2610, 'MATUNGA RAILWAY WORKSHOP', '400019', '50', ''),
(2611, 'MAZGAON', '400010', '50', ''),
(2612, 'MAZGAON DOCK', '400010', '50', ''),
(2613, 'MAZGAON ROAD', '400010', '50', ''),
(2614, 'MORI ROAD', '400016', '50', ''),
(2615, 'MOTILAL NAGAR', '400104', '50', ''),
(2616, 'MUMBAI CENTRAL', '400008', '50', ''),
(2617, 'MUMBAI.', '400001', '50', ''),
(2618, 'N . S.PATKAR', '400007', '50', ''),
(2619, 'NAGARDAS ROAD', '400069', '50', ''),
(2620, 'NAGARI NIWARA', '400065', '50', ''),
(2621, 'NAIGAON', '400014', '50', ''),
(2622, 'NARIMAN POINT', '400021', '50', ''),
(2623, 'NEW PRABHADEVI ROAD', '400025', '50', ''),
(2624, 'NEW YOGAKSHEMA', '400021', '50', ''),
(2625, 'NOOR BAUG', '400003', '50', ''),
(2626, 'NULL BAZAR', '400003', '50', ''),
(2627, 'OPERA HOUSE', '400004', '50', ''),
(2628, 'ORLEM', '400064', '50', ''),
(2629, 'OSHIWARA', '400102', '50', ''),
(2630, 'PAREL', '400012', '50', ''),
(2631, 'PAREL NAKA', '400012', '50', ''),
(2632, 'PAREL RLY WORK SHOP', '400003', '50', ''),
(2633, 'PRABHADEVI', '400025', '50', ''),
(2634, 'PRINCESS DOCK', '400009', '50', ''),
(2635, 'RAJBHAVAN', '400035', '50', ''),
(2636, 'RAJENDRA NAGAR', '400066', '50', ''),
(2637, 'RAMWADI', '400002', '50', ''),
(2638, 'RANADE ROAD', '400028', '50', ''),
(2639, 'RANI SATI MARG', '400097', '50', ''),
(2640, 'REAY ROAD', '400033', '50', ''),
(2641, 'S R P F CAMP', '400060', '50', ''),
(2642, 'S SAVARKAR MARG', '400028', '50', ''),
(2643, 'S V MARG', '400007', '50', ''),
(2644, 'S. C. COURT', '400002', '50', ''),
(2645, 'S. K.NAGAR', '400066', '50', ''),
(2646, 'SAHAR P & T COLONY', '400099', '50', ''),
(2647, 'SAHARGAON', '400099', '50', ''),
(2648, 'SANTACRUZ CENTRAL', '400054', '50', ''),
(2649, 'SANTACRUZ P&T COLONY', '400029', '50', ''),
(2650, 'SANTACRUZ(EAST)', '400055', '50', ''),
(2651, 'SANTACRUZ(WEST)', '400054', '50', '');
INSERT INTO `areas` (`id`, `name`, `pincode`, `city`, `df`) VALUES
(2652, 'SECRETARIATE', '400032', '50', ''),
(2653, 'SEEPZ', '400096', '50', ''),
(2654, 'SEWRI', '400015', '50', ''),
(2655, 'SHARMA ESTATE', '400063', '50', ''),
(2656, 'SHIVAJI PARK', '400028', '50', ''),
(2657, 'SHROFF MAHAJAN', '400002', '50', ''),
(2658, 'STOCK EXCHANGE', '400001', '50', ''),
(2659, 'TAJMAHAL', '400001', '50', ''),
(2660, 'TANK ROAD', '400033', '50', ''),
(2661, 'TARDEO', '400007', '50', ''),
(2662, 'THAKURDWAR', '400002', '50', ''),
(2663, 'TOWN HALL', '400001', '50', ''),
(2664, 'TULSIWADI', '400034', '50', ''),
(2665, 'V J B UDYAN', '400027', '50', ''),
(2666, 'V K BHAVAN', '400010', '50', ''),
(2667, 'V.P. ROAD', '400052', '50', ''),
(2668, 'V.W.T.C.', '400005', '50', ''),
(2669, 'VAKOLA', '400055', '50', ''),
(2670, 'VESAVA', '400061', '50', ''),
(2671, 'VIDYANAGARI', '400098', '50', ''),
(2672, 'VILEEPARLE (EAST)', '400057', '50', ''),
(2673, 'VILEPARLE RAILWAY STATION', '400057', '50', ''),
(2674, 'VILEPARLE(WEST)', '400056', '50', ''),
(2675, 'WADALA', '400031', '50', ''),
(2676, 'WADALA RS', '400031', '50', ''),
(2677, 'WORLI', '400018', '50', ''),
(2678, 'WORLI COLONY', '400030', '50', ''),
(2679, 'WORLI NAKA', '400018', '50', ''),
(2680, 'WORLI POLICE CAMP', '400030', '50', ''),
(2681, 'WORLI SEA FACE', '400030', '50', ''),
(2682, 'ADDITIONAL AMBERNATH', '421506', '65', ''),
(2683, 'AGASHI', '401301', '65', ''),
(2684, 'AGHAI', '421301', '65', ''),
(2685, 'AIROLI', '400708', '65', ''),
(2686, 'ALYANI', '421601', '65', ''),
(2687, 'AMANE', '421301', '65', ''),
(2688, 'AMBARJE', '421301', '65', ''),
(2689, 'AMBERNATH', '421501', '65', ''),
(2690, 'AMBERNATH SOUTH', '421501', '65', ''),
(2691, 'ANDAD', '421601', '65', ''),
(2692, 'ANGAON', '421301', '65', ''),
(2693, 'ANJUR', '421301', '65', ''),
(2694, 'APNA BAZAR', '400610', '65', ''),
(2695, 'ARNALA', '401302', '65', ''),
(2696, 'ASANGAON', '421301', '65', ''),
(2697, 'ATALI', '421102', '65', ''),
(2698, 'ATGAON', '421301', '65', ''),
(2699, 'AWARE', '421601', '65', ''),
(2700, 'BADLAPUR', '421504', '65', ''),
(2701, 'BALKUM', '400608', '65', ''),
(2702, 'BASSEIN', '401201', '65', ''),
(2703, 'BASSEIN ROAD', '401202', '65', ''),
(2704, 'BELAPUR NODE- V', '400614', '65', ''),
(2705, 'BELAPUR NODE-- III', '400614', '65', ''),
(2706, 'BHAJI MARKET', '421002', '65', ''),
(2707, 'BHATSANAGAR', '421603', '65', ''),
(2708, 'BHAYANDER EAST', '401105', '65', ''),
(2709, 'BHAYANDER WEST', '401101', '65', ''),
(2710, 'BHIWANDI', '421308', '65', ''),
(2711, 'BOISAR', '401501', '65', ''),
(2712, 'BORDI', '401701', '65', ''),
(2713, 'BUNDER ROAD', '421301', '65', ''),
(2714, 'BUS TERMINUS', '421001', '65', ''),
(2715, 'CHAMBLE', '421312', '65', ''),
(2716, 'CHANDE', '421301', '65', ''),
(2717, 'CHIMBIPADA', '421301', '65', ''),
(2718, 'CHINCHANI', '401503', '65', ''),
(2719, 'CHINCHWALI', '421301', '65', ''),
(2720, 'CHITALSAR MANPADA', '400607', '65', ''),
(2721, 'CHONDHE COLONY', '421601', '65', ''),
(2722, 'DABHAD', '421301', '65', ''),
(2723, 'DAHANU', '401601', '65', ''),
(2724, 'DAHANU ROAD', '401602', '65', ''),
(2725, 'DAHANU TPS', '401608', '65', ''),
(2726, 'DAHISAR', '400612', '65', ''),
(2727, 'DALKHAN', '421301', '65', ''),
(2728, 'DANDEKARWADI', '421302', '65', ''),
(2729, 'DAPCHARI', '401610', '65', ''),
(2730, 'DARAVE', '400706', '65', ''),
(2731, 'DAWLE', '400612', '65', ''),
(2732, 'DHASAI', '421402', '65', ''),
(2733, 'DIGHASHI', '421301', '65', ''),
(2734, 'DIWA', '400612', '65', ''),
(2735, 'DOLKHAMB', '421601', '65', ''),
(2736, 'DOMBIVALI', '421201', '65', ''),
(2737, 'DOMBIVALI I.A.', '421203', '65', ''),
(2738, 'DUGAD', '421301', '65', ''),
(2739, 'DUNGE', '421301', '65', ''),
(2740, 'DWARLI', '421301', '65', ''),
(2741, 'GANESHPURI', '401206', '65', ''),
(2742, 'GANESHWADI', '421306', '65', ''),
(2743, 'GEGAON', '421403', '65', ''),
(2744, 'GHANSOLI', '400701', '65', ''),
(2745, 'GHOLVAD', '401702', '65', ''),
(2746, 'GOKHALE ROAD', '400602', '65', ''),
(2747, 'GUNDE', '421601', '65', ''),
(2748, 'JAMBHUL', '421301', '65', ''),
(2749, 'JAWHAR', '401603', '65', ''),
(2750, 'JEKEGRAM', '400606', '65', ''),
(2751, 'K.U.BAZAR', '400703', '65', ''),
(2752, 'KALAMGAON', '421301', '65', ''),
(2753, 'KALHER', '421301', '65', ''),
(2754, 'KALWA', '400605', '65', ''),
(2755, 'KALYAN CITY', '421301', '65', ''),
(2756, 'KALYAN D.C.', '421301', '65', ''),
(2757, 'KALYAN RS', '421301', '65', ''),
(2758, 'KANSAI', '421501', '65', ''),
(2759, 'KASA', '401607', '65', ''),
(2760, 'KASARA', '421602', '65', ''),
(2761, 'KASARVADAVALI', '400601', '65', ''),
(2762, 'KASEGAON', '421401', '65', ''),
(2763, 'KATEMANIVALI', '421306', '65', ''),
(2764, 'KAUSA', '400612', '65', ''),
(2765, 'KELWA', '401401', '65', ''),
(2766, 'KELWA-MAHIM', '401402', '65', ''),
(2767, 'KHADVALI', '421301', '65', ''),
(2768, 'KHARADE', '421601', '65', ''),
(2769, 'KHARBAV', '421301', '65', ''),
(2770, 'KHARDI', '421301', '65', ''),
(2771, 'KHARID', '421403', '65', ''),
(2772, 'KHARIVALI', '421403', '65', ''),
(2773, 'KHONI', '421301', '65', ''),
(2774, 'KHUPRI', '421312', '65', ''),
(2775, 'KHUTAL BARAGAON', '421401', '65', ''),
(2776, 'KHUTGHAR', '421601', '65', ''),
(2777, 'KINHOLI', '421403', '65', ''),
(2778, 'KISHORE', '421401', '65', ''),
(2779, 'KOLTHAN', '421401', '65', ''),
(2780, 'KON', '421311', '65', ''),
(2781, 'KONDHALE', '421312', '65', ''),
(2782, 'KONKAN BHAVAN', '400614', '65', ''),
(2783, 'KOPAR KHAIRNE', '400709', '65', ''),
(2784, 'KOPRI COLONY', '400603', '65', ''),
(2785, 'KOSBAD-HILL', '401703', '65', ''),
(2786, 'KUDUS', '421312', '65', ''),
(2787, 'KULGAON', '421503', '65', ''),
(2788, 'KUNDE', '421301', '65', ''),
(2789, 'LENAD KHURD', '421601', '65', ''),
(2790, 'LONAD', '421301', '65', ''),
(2791, 'MAHAPOLI', '421301', '65', ''),
(2792, 'MAJGAON', '421401', '65', ''),
(2793, 'MALEGAON', '421403', '65', ''),
(2794, 'MAMNOLI', '421301', '65', ''),
(2795, 'MANDA', '421605', '65', ''),
(2796, 'MANGRUL', '421301', '65', ''),
(2797, 'MANIVAIL', '421102', '65', ''),
(2798, 'MANOR', '401403', '65', ''),
(2799, 'MANPADA', '421204', '65', ''),
(2800, 'MET', '421312', '65', ''),
(2801, 'MHASA', '421401', '65', ''),
(2802, 'MILHE', '421401', '65', ''),
(2803, 'MILLENIU,M BUSINESS PARK', '400710', '65', ''),
(2804, 'MIRA', '401104', '65', ''),
(2805, 'MIRA ROAD', '401107', '65', ''),
(2806, 'MOHONE', '421102', '65', ''),
(2807, 'MOKHADA', '401604', '65', ''),
(2808, 'MOROSHI', '421401', '65', ''),
(2809, 'MUGAON', '421403', '65', ''),
(2810, 'MUMBRA', '400612', '65', ''),
(2811, 'MURBAD', '421401', '65', ''),
(2812, 'MURBAD I.A.', '421401', '65', ''),
(2813, 'NALLOSAPARE E', '401209', '65', ''),
(2814, 'NANDGAON', '421601', '65', ''),
(2815, 'NARIVALI', '421401', '65', ''),
(2816, 'NAUPADA', '400602', '65', ''),
(2817, 'NEHROLI', '421312', '65', ''),
(2818, 'NERUL NODE-II', '400706', '65', ''),
(2819, 'NERUL NODE-III', '400706', '65', ''),
(2820, 'NERUL SEC-48', '400706', '65', ''),
(2821, 'NETAJI BAZAR', '421505', '65', ''),
(2822, 'NILJE', '421204', '65', ''),
(2823, 'NIRMAL', '401304', '65', ''),
(2824, 'O.E.AMBERNATH', '421502', '65', ''),
(2825, 'PACHHAPUR', '421301', '65', ''),
(2826, 'PADGHA', '421101', '65', ''),
(2827, 'PADLE', '421204', '65', ''),
(2828, 'PALGHAR', '401404', '65', ''),
(2829, 'PALSAI', '421312', '65', ''),
(2830, 'PAPDI', '401207', '65', ''),
(2831, 'PATGAON', '421401', '65', ''),
(2832, 'PAYE', '421301', '65', ''),
(2833, 'PHALEGAON', '421301', '65', ''),
(2834, 'PIMPLAS', '421311', '65', ''),
(2835, 'PIWALI', '421301', '65', ''),
(2836, 'RAMNAGAR', '421201', '65', ''),
(2837, 'RAYATE', '421301', '65', ''),
(2838, 'REHNAL', '421301', '65', ''),
(2839, 'SAKADBAV', '421601', '65', ''),
(2840, 'SAKURLI', '421601', '65', ''),
(2841, 'SANDOZBAUGH', '400607', '65', ''),
(2842, 'SANPADA', '400705', '65', ''),
(2843, 'SARALAMBE', '421601', '65', ''),
(2844, 'SARALGAON', '421401', '65', ''),
(2845, 'SARAVALI', '421311', '65', ''),
(2846, 'SASNE', '421401', '65', ''),
(2847, 'SATPATI', '401405', '65', ''),
(2848, 'SAWAROLI', '421601', '65', ''),
(2849, 'SAYALE', '421401', '65', ''),
(2850, 'SHAHAD', '421103', '65', ''),
(2851, 'SHAHAPUR', '421601', '65', ''),
(2852, 'SHANTINAGAR', '421302', '65', ''),
(2853, 'SHASTRINAGAR', '421302', '65', ''),
(2854, 'SHELAR', '421301', '65', ''),
(2855, 'SHENWA', '421601', '65', ''),
(2856, 'SHERE', '421301', '65', ''),
(2857, 'SHIRGAON', '421601', '65', ''),
(2858, 'SHIVALE', '421401', '65', ''),
(2859, 'SHRIRANGNAGAR', '400601', '65', ''),
(2860, 'SOGAON', '421403', '65', ''),
(2861, 'SOPARA', '401203', '65', ''),
(2862, 'STATION ROAD UNR-3', '421002', '65', ''),
(2863, 'SUBHASH ROAD', '421301', '65', ''),
(2864, 'SURYANAGAR', '401609', '65', ''),
(2865, 'TALASARI', '401606', '65', ''),
(2866, 'TALEGAON', '421401', '65', ''),
(2867, 'TANSA', '421301', '65', ''),
(2868, 'TAPASENAGAR', '400601', '65', ''),
(2869, 'TARAPUR', '401502', '65', ''),
(2870, 'TARAPUR APP', '401504', '65', ''),
(2871, 'TARAPUR TI', '401506', '65', ''),
(2872, 'TEMBHURLI', '421601', '65', ''),
(2873, 'THANE', '400601', '65', ''),
(2874, 'THANE BAZAR', '400601', '65', ''),
(2875, 'THANE EAST', '400603', '65', ''),
(2876, 'THANE R.S.', '400601', '65', ''),
(2877, 'THUNE', '421403', '65', ''),
(2878, 'TILAKNAGAR', '421201', '65', ''),
(2879, 'TITWALA', '421605', '65', ''),
(2880, 'TULAI', '421401', '65', ''),
(2881, 'TURBHE', '400703', '65', ''),
(2882, 'TURBHE MARKET', '400703', '65', ''),
(2883, 'UCHAT', '421312', '65', ''),
(2884, 'ULHASNAGAR-1', '421001', '65', ''),
(2885, 'ULHASNAGAR-2', '421002', '65', ''),
(2886, 'ULHASNAGAR-4', '421004', '65', ''),
(2887, 'ULHASNAGAR-5', '421005', '65', ''),
(2888, 'UMBARPADA', '401102', '65', ''),
(2889, 'UTTAN', '401106', '65', ''),
(2890, 'VADAVALI', '421301', '65', ''),
(2891, 'VADI', '421301', '65', ''),
(2892, 'VADPE', '421301', '65', ''),
(2893, 'VAHOLI', '421301', '65', ''),
(2894, 'VAITARNA', '421301', '65', ''),
(2895, 'VAJRESHWARI', '401204', '65', ''),
(2896, 'VANGAON', '401103', '65', ''),
(2897, 'VARAP', '421301', '65', ''),
(2898, 'VASAI EAST IE', '401208', '65', ''),
(2899, 'VASAI ROAD E', '401202', '65', ''),
(2900, 'VASHI', '400703', '65', ''),
(2901, 'VASHI SEC-26', '400703', '65', ''),
(2902, 'VASHI-VII', '400703', '65', ''),
(2903, 'VASHIND', '421604', '65', ''),
(2904, 'VEHELE', '421301', '65', ''),
(2905, 'VEHLOLI', '421601', '65', ''),
(2906, 'VIDYASHRAM', '421305', '65', ''),
(2907, 'VIKRAMGAD', '401605', '65', ''),
(2908, 'VIRAR', '401303', '65', ''),
(2909, 'VIRAR EAST', '401305', '65', ''),
(2910, 'VISHNUNAGAR', '421202', '65', ''),
(2911, 'WADA', '421303', '65', ''),
(2912, 'WAGLE I.E.', '400604', '65', ''),
(2913, 'WAKLAN', '400612', '65', ''),
(2914, 'ACHLOLI', '402305', '59', ''),
(2915, 'ADAI', '410206', '59', ''),
(2916, 'ADAVALE BUDRUK', '402303', '59', ''),
(2917, 'AINGHAR', '402126', '59', ''),
(2918, 'AJIVALI', '410221', '59', ''),
(2919, 'AKSHI', '402204', '59', ''),
(2920, 'ALIBAG', '402201', '59', ''),
(2921, 'AMBAVADE', '402307', '59', ''),
(2922, 'AMBEGHAR', '402107', '59', ''),
(2923, 'AMBET', '402101', '59', ''),
(2924, 'AMBIVALI', '410201', '59', ''),
(2925, 'AMTEM', '402106', '59', ''),
(2926, 'APTA', '410207', '59', ''),
(2927, 'ARAVI', '402113', '59', ''),
(2928, 'ASHTAMI', '402109', '59', ''),
(2929, 'ATONE', '410205', '59', ''),
(2930, 'AWRE', '410206', '59', ''),
(2931, 'BAGMANDLA', '402114', '59', ''),
(2932, 'BALAVALI', '402107', '59', ''),
(2933, 'BAMANGAON', '402204', '59', ''),
(2934, 'BAMNOLI', '402104', '59', ''),
(2935, 'BARAPADA', '410221', '59', ''),
(2936, 'BARASGAON', '402306', '59', ''),
(2937, 'BEED BUDRUK', '410201', '59', ''),
(2938, 'BENSE', '402106', '59', ''),
(2939, 'BHAIRAV', '410205', '59', ''),
(2940, 'BHALE', '402120', '59', ''),
(2941, 'BHALGAON', '402109', '59', ''),
(2942, 'BHARJE', '410205', '59', ''),
(2943, 'BHIRA', '402308', '59', ''),
(2944, 'BHIVPURI CAMP', '410201', '59', ''),
(2945, 'BHONANG', '402111', '59', ''),
(2946, 'BHOSTE', '402110', '59', ''),
(2947, 'BIRWADI', '402302', '59', ''),
(2948, 'BOKADVIRA', '400702', '59', ''),
(2949, 'BORGAON', '410101', '59', ''),
(2950, 'BORGHAR', '402303', '59', ''),
(2951, 'BORGHAR HAVELI', '402111', '59', ''),
(2952, 'BORLIMANDLA', '402202', '59', ''),
(2953, 'BORLIPANCHATAN', '402403', '59', ''),
(2954, 'BORWADI', '402120', '59', ''),
(2955, 'CHAMBHARGANI', '402303', '59', ''),
(2956, 'CHANDGAON', '402109', '59', ''),
(2957, 'CHANDORE', '402122', '59', ''),
(2958, 'CHANERA', '402109', '59', ''),
(2959, 'CHANJE', '400702', '59', ''),
(2960, 'CHAUL', '402203', '59', ''),
(2961, 'CHAWK', '410206', '59', ''),
(2962, 'CHIKHALE', '410221', '59', ''),
(2963, 'CHIKHLAP', '402113', '59', ''),
(2964, 'CHIMBHAVE', '415213', '59', ''),
(2965, 'CHINCHWALI', '410201', '59', ''),
(2966, 'CHIRNER', '410206', '59', ''),
(2967, 'CHIVE', '410205', '59', ''),
(2968, 'CHORDHE', '402109', '59', ''),
(2969, 'DADAR', '402107', '59', ''),
(2970, 'DAHIGAON', '410205', '59', ''),
(2971, 'DAHIVALI', '402117', '59', ''),
(2972, 'DAHIVALI T.NEED', '410201', '59', ''),
(2973, 'DAHIVALI T.VAREDI', '410101', '59', ''),
(2974, 'DASGAON', '402102', '59', ''),
(2975, 'DEGAON', '402117', '59', ''),
(2976, 'DEOPUR', '402303', '59', ''),
(2977, 'DEVICHAPADA', '410208', '59', ''),
(2978, 'DEVLA', '402303', '59', ''),
(2979, 'DHAMANDEVI', '402303', '59', ''),
(2980, 'DHAMANSAI', '402109', '59', ''),
(2981, 'DIGHI', '402402', '59', ''),
(2982, 'DIGHODE', '410206', '59', ''),
(2983, 'DIVEAGAR', '402404', '59', ''),
(2984, 'DIVIL', '402303', '59', ''),
(2985, 'DOLVI', '402107', '59', ''),
(2986, 'DONWAT', '410203', '59', ''),
(2987, 'ELEPHANTA CAVES PO', '400001', '59', ''),
(2988, 'GADAB', '402107', '59', ''),
(2989, 'GAGODE BUDRUK', '402107', '59', ''),
(2990, 'GALSURE', '402110', '59', ''),
(2991, 'GAULWADI', '410201', '59', ''),
(2992, 'GAURKAMATH', '410201', '59', ''),
(2993, 'GAVAN', '410206', '59', ''),
(2994, 'GHOSALE', '402109', '59', ''),
(2995, 'GHOTAWADE', '410205', '59', ''),
(2996, 'GOLEGANI', '402303', '59', ''),
(2997, 'GONDGHAR', '402105', '59', ''),
(2998, 'GOREGAON', '402103', '59', ''),
(2999, 'GOVELE', '402122', '59', ''),
(3000, 'GULSUNDE', '410207', '59', ''),
(3001, 'GUNDGE', '410201', '59', ''),
(3002, 'HAMRAPUR', '402107', '59', ''),
(3003, 'HARESHWAR', '402110', '59', ''),
(3004, 'HATOND', '410205', '59', ''),
(3005, 'HODGAON', '402104', '59', ''),
(3006, 'HUMGAON', '410201', '59', ''),
(3007, 'JAGADISH NAGAR', '410216', '59', ''),
(3008, 'JAMBHULPADA', '410205', '59', ''),
(3009, 'JAMBRUNG', '410201', '59', ''),
(3010, 'JANJIRA MURUD', '402401', '59', ''),
(3011, 'JASAI', '410206', '59', ''),
(3012, 'JASAWALI', '402110', '59', ''),
(3013, 'JASKHAR', '400707', '59', ''),
(3014, 'JITE', '402107', '59', ''),
(3015, 'JNPT', '400707', '59', ''),
(3016, 'JOHE', '402107', '59', ''),
(3017, 'JUI', '410206', '59', ''),
(3018, 'JUI BUDRUK', '402115', '59', ''),
(3019, 'KADAV', '410201', '59', ''),
(3020, 'KALAMB', '410101', '59', ''),
(3021, 'KALAMBOLI NODE', '400218', '59', ''),
(3022, 'KAMARLI', '402107', '59', ''),
(3023, 'KANDALE', '402107', '59', ''),
(3024, 'KAPADE BUDRUK', '402303', '59', ''),
(3025, 'KARANJA', '400702', '59', ''),
(3026, 'KARJAT', '410201', '59', ''),
(3027, 'KASHELE', '410201', '59', ''),
(3028, 'KASU', '402107', '59', ''),
(3029, 'KAVALE', '402307', '59', ''),
(3030, 'KAVIL VAHAL', '402104', '59', ''),
(3031, 'KEGAON', '400702', '59', ''),
(3032, 'KELEVANE', '410206', '59', ''),
(3033, 'KELTE', '402105', '59', ''),
(3034, 'KHAIRE BUDRUK', '402109', '59', ''),
(3035, 'KHALAPUR', '410202', '59', ''),
(3036, 'KHAMBEWADI', '410203', '59', ''),
(3037, 'KHAMGAON', '402105', '59', ''),
(3038, 'KHANDAS', '410201', '59', ''),
(3039, 'KHANDPOLI', '410205', '59', ''),
(3040, 'KHARAVALI', '410205', '59', ''),
(3041, 'KHARDI', '402305', '59', ''),
(3042, 'KHARGAON', '402109', '59', ''),
(3043, 'KHARGHAR', '410210', '59', ''),
(3044, 'KHARPALE', '402107', '59', ''),
(3045, 'KHARSAI', '402105', '59', ''),
(3046, 'KHOPOLI', '410203', '59', ''),
(3047, 'KHOPOLI POWER HOUSE', '410204', '59', ''),
(3048, 'KIRWALI', '410201', '59', ''),
(3049, 'KOKBAN', '402109', '59', ''),
(3050, 'KOLAD', '402304', '59', ''),
(3051, 'KOLOSE', '402305', '59', ''),
(3052, 'KOLWAT', '402105', '59', ''),
(3053, 'KONDHAVI', '402303', '59', ''),
(3054, 'KONDIVADE', '410201', '59', ''),
(3055, 'KONZAR', '402305', '59', ''),
(3056, 'KOPROLI', '410206', '59', ''),
(3057, 'KORLAI', '402202', '59', ''),
(3058, 'KOSHANE', '410201', '59', ''),
(3059, 'KOSTE KHURD', '402120', '59', ''),
(3060, 'KOTWAL BUDRUK', '402303', '59', ''),
(3061, 'KOYNAVALE', '410208', '59', ''),
(3062, 'KUMBHESHIVTHAR', '402306', '59', ''),
(3063, 'KUNDEVAHAL', '410206', '59', ''),
(3064, 'KURDUS', '402108', '59', ''),
(3065, 'KURUL RCF COLONY', '402209', '59', ''),
(3066, 'KUSUMBALE', '402108', '59', ''),
(3067, 'LODHIVALI', '410206', '59', ''),
(3068, 'LOHARE', '402303', '59', ''),
(3069, 'LONSHI', '402104', '59', ''),
(3070, 'MAHAD', '402301', '59', ''),
(3071, 'MAHAGAON', '410205', '59', ''),
(3072, 'MAHAL MIRYA DONGAR', '410205', '59', ''),
(3073, 'MAHARGUL', '402303', '59', ''),
(3074, 'MAJGAON TAMHANE', '402105', '59', ''),
(3075, 'MANDAD', '402111', '59', ''),
(3076, 'MANDAVANE', '410201', '59', ''),
(3077, 'MANDLE', '402305', '59', ''),
(3078, 'MANGAON', '402104', '59', ''),
(3079, 'MANGAON BUDRUK', '410205', '59', ''),
(3080, 'MANGAON T.VAREDI', '410101', '59', ''),
(3081, 'MANIVALI', '410101', '59', ''),
(3082, 'MANJARAVANE', '402122', '59', ''),
(3083, 'MATHERAN', '410102', '59', ''),
(3084, 'MAZERI', '402306', '59', ''),
(3085, 'MAZGAON', '410220', '59', ''),
(3086, 'MEDHA', '402109', '59', ''),
(3087, 'MENDADI', '402105', '59', ''),
(3088, 'MHASLA', '402105', '59', ''),
(3089, 'MIDC MAHAD', '402309', '59', ''),
(3090, 'MOHOPADA', '410222', '59', ''),
(3091, 'MORA', '400704', '59', ''),
(3092, 'MORBA', '402117', '59', ''),
(3093, 'MORBE', '410206', '59', ''),
(3094, 'MUTHAVALI TARFE TALA', '402112', '59', ''),
(3095, 'N.S.KARANJA', '400704', '59', ''),
(3096, 'NADSUR', '410205', '59', ''),
(3097, 'NAGAON', '402204', '59', ''),
(3098, 'NAGOTHANE', '402106', '59', ''),
(3099, 'NANDGAON', '410205', '59', ''),
(3100, 'NARVAN', '402115', '59', ''),
(3101, 'NASARAPUR', '410201', '59', ''),
(3102, 'NATE', '402305', '59', ''),
(3103, 'NAVDE', '410208', '59', ''),
(3104, 'NAVGHAR', '400707', '59', ''),
(3105, 'NAVIPETH MAHAD', '402301', '59', ''),
(3106, 'NERAL', '410101', '59', ''),
(3107, 'NERE', '410206', '59', ''),
(3108, 'NHAVA', '410206', '59', ''),
(3109, 'NHAVE', '402109', '59', ''),
(3110, 'NIZAMPUR', '402120', '59', ''),
(3111, 'ONGC-DRONAGIRI', '400702', '59', ''),
(3112, 'OMBALI', '402303', '59', ''),
(3113, 'ONGC COMPLEX,PANVEL', '410221', '59', ''),
(3114, 'PCTS NAGOTHANE', '402125', '59', ''),
(3115, 'PABAL', '402107', '59', ''),
(3116, 'PABHRE', '402105', '59', ''),
(3117, 'PACHAD', '402305', '59', ''),
(3118, 'PACHHAPUR', '410205', '59', ''),
(3119, 'PADGHE', '410208', '59', ''),
(3120, 'PADVI', '402306', '59', ''),
(3121, 'PAITHAN', '402303', '59', ''),
(3122, 'PALAS', '402106', '59', ''),
(3123, 'PALASDARI', '410201', '59', ''),
(3124, 'PALASGAON KHURD', '402104', '59', ''),
(3125, 'PALASPE', '410221', '59', ''),
(3126, 'PALCHIL', '402303', '59', ''),
(3127, 'PALI', '410205', '59', ''),
(3128, 'PANGARI', '402307', '59', ''),
(3129, 'PANGLOLI', '402201', '59', ''),
(3130, 'PANVEL', '410206', '59', ''),
(3131, 'PANVEL CITY', '410206', '59', ''),
(3132, 'PARALI', '410205', '59', ''),
(3133, 'PARGAON', '410206', '59', ''),
(3134, 'PATALGANGA', '410220', '59', ''),
(3135, 'PATANSAI', '402106', '59', ''),
(3136, 'PATHRAJ', '410201', '59', ''),
(3137, 'PEN', '402107', '59', ''),
(3138, 'PEN TARFE TALE', '402104', '59', ''),
(3139, 'PIGONDE', '402106', '59', ''),
(3140, 'PINGALSAI', '402109', '59', ''),
(3141, 'PIPENAGAR', '402126', '59', ''),
(3142, 'PITSAI', '402111', '59', ''),
(3143, 'POLADPUR', '402303', '59', ''),
(3144, 'POSHIR', '410101', '59', ''),
(3145, 'POYANJE', '410221', '59', ''),
(3146, 'POYNAD', '402108', '59', ''),
(3147, 'RCF THAL', '402208', '59', ''),
(3148, 'RAHATAD', '402111', '59', ''),
(3149, 'RANAWALI', '402110', '59', ''),
(3150, 'RANSAI', '402107', '59', ''),
(3151, 'RASAYANI', '410207', '59', ''),
(3152, 'RATWAD', '402112', '59', ''),
(3153, 'RAVALJE', '410205', '59', ''),
(3154, 'RAVDHAL', '402115', '59', ''),
(3155, 'RAVE', '402107', '59', ''),
(3156, 'REVDANDA', '402202', '59', ''),
(3157, 'ROHA', '402109', '59', ''),
(3158, 'ROHA AV', '402116', '59', ''),
(3159, 'ROTH KHURD', '402116', '59', ''),
(3160, 'SADAVALI', '402303', '59', ''),
(3161, 'SAI', '410221', '59', ''),
(3162, 'SAIGAON', '402110', '59', ''),
(3163, 'SAJGAON', '410203', '59', ''),
(3164, 'SAKHAR', '402303', '59', ''),
(3165, 'SALOKH T.NEED', '410201', '59', ''),
(3166, 'SALVADNAKA MAHAD NO DLY.', '402301', '59', ''),
(3167, 'SALVINDE', '402105', '59', ''),
(3168, 'SANDERI', '402201', '59', ''),
(3169, 'SANDOSHI', '402305', '59', ''),
(3170, 'SANEGAON', '402109', '59', ''),
(3171, 'SARSOLI', '402109', '59', ''),
(3172, 'SAVRAT', '402305', '59', ''),
(3173, 'SAWARSAI', '402107', '59', ''),
(3174, 'SHAHABAJ', '402108', '59', ''),
(3175, 'SHAHAPUR', '402108', '59', ''),
(3176, 'SHEDSAI', '402109', '59', ''),
(3177, 'SHEKHADI', '402113', '59', ''),
(3178, 'SHELU', '410101', '59', ''),
(3179, 'SHENWAI', '402109', '59', ''),
(3180, 'SHEVA', '400702', '59', ''),
(3181, 'SHILPHATA', '410203', '59', ''),
(3182, 'SHIRAWALI', '402120', '59', ''),
(3183, 'SHIRDHON', '410221', '59', ''),
(3184, 'SHIRKI', '402107', '59', ''),
(3185, 'SHRIWARDHAN', '402110', '59', ''),
(3186, 'SIDDHESHWAR', '410205', '59', ''),
(3187, 'SOMATANE', '410206', '59', ''),
(3188, 'SONKHAR', '402107', '59', ''),
(3189, 'SUGAWE', '410201', '59', ''),
(3190, 'TALA', '402111', '59', ''),
(3191, 'TALASHET', '402112', '59', ''),
(3192, 'TALAVADE', '402105', '59', ''),
(3193, 'TALEGAON', '402111', '59', ''),
(3194, 'TALEGAON TARFE GOREGAON', '402104', '59', ''),
(3195, 'TALIYE', '402306', '59', ''),
(3196, 'TALOJA', '410208', '59', ''),
(3197, 'TALOJA A.V.', '410208', '59', ''),
(3198, 'TALOSHI', '402305', '59', ''),
(3199, 'TAMBADI', '402109', '59', ''),
(3200, 'TAMHANE', '402307', '59', ''),
(3201, 'TARANKHOP', '402107', '59', ''),
(3202, 'TEMPALE', '402104', '59', ''),
(3203, 'TETGHAR', '402305', '59', ''),
(3204, 'THAL', '402207', '59', ''),
(3205, 'TIWARE', '410205', '59', ''),
(3206, 'TOKARDE', '402111', '59', ''),
(3207, 'TONDRA', '410208', '59', ''),
(3208, 'TURBHE KHURD', '402303', '59', ''),
(3209, 'ULWA', '410206', '59', ''),
(3210, 'UNEGAON', '402104', '59', ''),
(3211, 'UPPER TUDUL', '402115', '59', ''),
(3212, 'URAN', '400702', '59', ''),
(3213, 'USAR KHURD', '402104', '59', ''),
(3214, 'VADGHAR', '402110', '59', ''),
(3215, 'VADHAV', '402107', '59', ''),
(3216, 'VADKHAL', '402107', '59', ''),
(3217, 'VADSHETVAVE', '402110', '59', ''),
(3218, 'VAHAL', '410206', '59', ''),
(3219, 'VAJE', '410206', '59', ''),
(3220, 'VAKAS', '410101', '59', ''),
(3221, 'VARANDH', '402306', '59', ''),
(3222, 'VARANDOLI', '402305', '59', ''),
(3223, 'VARSAI', '402107', '59', ''),
(3224, 'VARVATANE', '402105', '59', ''),
(3225, 'VASHENI', '410206', '59', ''),
(3226, 'VASHIVALI', '410220', '59', ''),
(3227, 'VAVOSHI', '410203', '59', ''),
(3228, 'VENGAON', '410201', '59', ''),
(3229, 'VIKRAM BAUG', '402202', '59', ''),
(3230, 'VINHERE', '402307', '59', ''),
(3231, 'VIRJOLI', '402109', '59', ''),
(3232, 'WAGHERI', '402305', '59', ''),
(3233, 'WAKAN', '402303', '59', ''),
(3234, 'WALANG', '402115', '59', ''),
(3235, 'WALI', '402109', '59', ''),
(3236, 'WALKE', '402202', '59', ''),
(3237, 'WALWATI', '402113', '59', ''),
(3238, 'WASHI', '402118', '59', ''),
(3239, 'WAVANDHAL', '410206', '59', ''),
(3240, 'WAVARLE', '410206', '59', ''),
(3241, 'WAVEDIWALI', '402112', '59', ''),
(3242, 'WAWANJE', '410208', '59', ''),
(3243, 'WIGHAWALI', '402112', '59', ''),
(3244, 'OTHER', '000000', '1', ''),
(3245, 'CHANDLODIYA', '123456', '1', ''),
(3246, 'SATELLITE', '380000', '1', ''),
(3247, 'MEGHANINAGAR', '380000', '1', ''),
(3248, 'JASHODANAGAR', '380000', '1', ''),
(3249, 'kalol', '123456', '13', '');

-- --------------------------------------------------------

--
-- Table structure for table `area_city`
--

DROP TABLE IF EXISTS `area_city`;
CREATE TABLE IF NOT EXISTS `area_city` (
  `id` int(11) NOT NULL AUTO_INCREMENT,
  `name` text NOT NULL,
  `state` text NOT NULL,
  `df` text NOT NULL,
  PRIMARY KEY (`id`)
) ENGINE=MyISAM AUTO_INCREMENT=72 DEFAULT CHARSET=latin1;

--
-- Dumping data for table `area_city`
--

INSERT INTO `area_city` (`id`, `name`, `state`, `df`) VALUES
(1, 'AHMEDABAD', '', ''),
(2, 'AMRELI', '1', ''),
(3, 'ANAND', '1', ''),
(4, 'ARAVALLI', '1', ''),
(5, 'BANASKANTHA', '1', ''),
(6, 'BHARUCH', '1', ''),
(7, 'BHAVNAGAR', '1', ''),
(8, 'BOTAD', '1', ''),
(9, 'CHHOTA UDAIPUR', '1', ''),
(10, 'DAHOD', '1', ''),
(11, 'DANG', '1', ''),
(12, 'DEVBHOOMI DWARKA', '1', ''),
(13, 'GANDHINAGAR', '1', ''),
(14, 'GIR SOMNATH', '1', ''),
(15, 'JAMNAGAR', '1', ''),
(16, 'JUNAGADH', '1', ''),
(17, 'KUTCH', '1', ''),
(18, 'KHEDA', '1', ''),
(19, 'MAHISAGAR', '1', ''),
(20, 'MEHSANA', '1', ''),
(21, 'MORBI', '1', ''),
(22, 'NARMADA', '1', ''),
(23, 'NAVSARI', '1', ''),
(24, 'PANCHMAHAL', '1', ''),
(25, 'PATAN', '1', ''),
(26, 'PORBANDAR', '1', ''),
(27, 'RAJKOT', '1', ''),
(28, 'SABARKANTHA', '1', ''),
(29, 'SURAT', '1', ''),
(30, 'SURENDRANAGAR', '1', ''),
(31, 'TAPI', '1', ''),
(32, 'VADODARA', '1', ''),
(33, 'VALSAD', '1', ''),
(34, 'AHMEDNAGAR', '4', ''),
(35, 'AKOLA', '4', ''),
(36, 'AMRAVATI', '4', ''),
(37, 'AURANGABAD', '4', ''),
(38, 'BEED', '4', ''),
(39, 'BHANDARA', '4', ''),
(40, 'BULDHANA', '4', ''),
(41, 'CHANDRAPUR', '4', ''),
(42, 'DHULE', '4', ''),
(43, 'GADCHIROLI', '4', ''),
(44, 'GONDIA', '4', ''),
(45, 'HINGOLI', '4', ''),
(46, 'JALGAON', '4', ''),
(47, 'JALNA', '4', ''),
(48, 'KOLHAPUR', '4', ''),
(49, 'LATUR', '4', ''),
(50, 'MUMBAI CITY', '4', ''),
(51, 'MUMBAI SUBURBAN', '4', ''),
(52, 'NAGPUR', '4', ''),
(53, 'NANDED', '4', ''),
(54, 'NANDURBAR', '4', ''),
(55, 'NASHIK', '4', ''),
(56, 'OSMANABAD', '4', ''),
(57, 'PARBHANI', '4', ''),
(58, 'PUNE', '4', ''),
(59, 'RAIGAD', '4', ''),
(60, 'RATNAGIRI', '4', ''),
(61, 'SANGLI', '4', ''),
(62, 'SATARA', '4', ''),
(63, 'SINDHUDURG', '4', ''),
(64, 'SOLAPUR', '4', ''),
(65, 'THANE', '4', ''),
(66, 'WARDHA', '4', ''),
(67, 'WASHIM', '4', ''),
(68, 'YAVATMAL', '4', ''),
(69, 'PALGHAR', '4', ''),
(70, 'ITAWA', '14', ''),
(71, 'BHILWADA', '3', '');

-- --------------------------------------------------------

--
-- Table structure for table `area_state`
--

DROP TABLE IF EXISTS `area_state`;
CREATE TABLE IF NOT EXISTS `area_state` (
  `id` int(11) NOT NULL AUTO_INCREMENT,
  `name` text NOT NULL,
  `df` text NOT NULL,
  PRIMARY KEY (`id`)
) ENGINE=MyISAM AUTO_INCREMENT=16 DEFAULT CHARSET=latin1;

--
-- Dumping data for table `area_state`
--

INSERT INTO `area_state` (`id`, `name`, `df`) VALUES
(1, 'GUJARAT', ''),
(3, 'RAJASTHAN', ''),
(4, 'MAHARASHTRA', ''),
(5, 'MADHYAPRADESH', ''),
(6, 'TAMILNADU', ''),
(7, 'DELHI', ''),
(8, 'KARNATAKA', ''),
(9, 'ANDHRAPRADESH', ''),
(10, 'KERALA', ''),
(11, 'PUNJAB', ''),
(12, 'GOA', ''),
(13, 'DIU-DAMAN', ''),
(14, 'UTTARPRADESH', '');

-- --------------------------------------------------------

--
-- Table structure for table `branch`
--

DROP TABLE IF EXISTS `branch`;
CREATE TABLE IF NOT EXISTS `branch` (
  `id` int(11) NOT NULL AUTO_INCREMENT,
  `name` text NOT NULL,
  `mobile` text NOT NULL,
  `email` text NOT NULL,
  `address` text NOT NULL,
  `code` text NOT NULL,
  `sname` text NOT NULL,
  `df` text NOT NULL,
  PRIMARY KEY (`id`)
) ENGINE=MyISAM AUTO_INCREMENT=7 DEFAULT CHARSET=latin1;

--
-- Dumping data for table `branch`
--

INSERT INTO `branch` (`id`, `name`, `mobile`, `email`, `address`, `code`, `sname`, `df`) VALUES
(2, 'HEAD OFFICE', '1234567890', 'cci@gmail.com', 'Ahmedabad', '12', 'HO', ''),
(3, 'viral shah', '1234567890', 'sdasd@sdsd.com', 'aafdfsdf', '15', '', ''),
(4, 'Kava', '9898989898', 'meh@2081.com', 'Address', '77', '', ''),
(5, 'Abc', '9898375981', 'Email@gmail.com', 'Address', '78', '', ''),
(6, 'ABCC', '5522333333', 'Email@gmail.coma', 'Address', '79', 'CCA', '');

-- --------------------------------------------------------

--
-- Table structure for table `client`
--

DROP TABLE IF EXISTS `client`;
CREATE TABLE IF NOT EXISTS `client` (
  `id` bigint(20) NOT NULL AUTO_INCREMENT,
  `c_id` text NOT NULL,
  `lead` text NOT NULL,
  `branch` text NOT NULL,
  `owner` text NOT NULL,
  `company` text NOT NULL,
  `client_type` text NOT NULL,
  `source` text NOT NULL,
  `group` text NOT NULL,
  `fname` text NOT NULL,
  `mname` text NOT NULL,
  `lname` text NOT NULL,
  `firm` text NOT NULL,
  `mobile` text NOT NULL,
  `email` text NOT NULL,
  `pan` text NOT NULL,
  `dob` text NOT NULL,
  `gender` text NOT NULL,
  `add1` text NOT NULL,
  `add2` text NOT NULL,
  `area` text NOT NULL,
  `city` text NOT NULL,
  `district` text NOT NULL,
  `state` text NOT NULL,
  `pin` text NOT NULL,
  `occupation` text NOT NULL,
  `language` text NOT NULL,
  `time_to_call` text NOT NULL,
  `health_in` text NOT NULL,
  `life_in` text NOT NULL,
  `itr_client` text NOT NULL,
  `gst_client` text NOT NULL,
  `gst_type` text NOT NULL,
  `month_quater` text NOT NULL,
  `industry` text NOT NULL,
  `sub_industry` text NOT NULL,
  `ind_remarks` text NOT NULL,
  `profile_intro` text NOT NULL,
  `turnover_notes` text NOT NULL,
  `goal` text NOT NULL,
  `quotation` text NOT NULL,
  `parent` text NOT NULL,
  `contact_persons` text NOT NULL,
  `created_by` text NOT NULL,
  `created_at` datetime NOT NULL,
  `status` int(11) NOT NULL DEFAULT 0,
  `referal_amount` decimal(40,2) NOT NULL,
  `refered_by` text NOT NULL,
  `itr_amount` decimal(40,2) NOT NULL,
  `opening_balance` varchar(250) NOT NULL DEFAULT '0',
  `fdate` date DEFAULT NULL,
  PRIMARY KEY (`id`)
) ENGINE=MyISAM AUTO_INCREMENT=35 DEFAULT CHARSET=latin1;

--
-- Dumping data for table `client`
--

INSERT INTO `client` (`id`, `c_id`, `lead`, `branch`, `owner`, `company`, `client_type`, `source`, `group`, `fname`, `mname`, `lname`, `firm`, `mobile`, `email`, `pan`, `dob`, `gender`, `add1`, `add2`, `area`, `city`, `district`, `state`, `pin`, `occupation`, `language`, `time_to_call`, `health_in`, `life_in`, `itr_client`, `gst_client`, `gst_type`, `month_quater`, `industry`, `sub_industry`, `ind_remarks`, `profile_intro`, `turnover_notes`, `goal`, `quotation`, `parent`, `contact_persons`, `created_by`, `created_at`, `status`, `referal_amount`, `refered_by`, `itr_amount`, `opening_balance`, `fdate`) VALUES
(1, '7700001', '1', '4', '10', '1', '1', '1', 'GROUP_7700001', 'KAVA', '', 'DEV', '', '9999999999', '', 'EJHPK2222Q', '2005-08-05', 'MALE', '123', '', '1', '1', '1', '1', '', 'JOB', 'Gujarati', '', '', '', 'YES', 'NO', '', '', '', '', '', '', '', '', '', '', '[{\"name\":\"ABC\",\"mobile\":\"1111111111\",\"address\":\"address\",\"bdate\":\"05-08-2005\"}]', '1', '2020-08-05 17:48:47', 0, '0.00', '1200001', '0.00', '150', '2020-09-30'),
(2, '1200001', '2', '2', '10', '1', '1', '1', 'GROUP_1200001', 'MEHUL KAVA', '', 'A', '', '8375981111', 'MEHUL9921@GMAIL.COM,MEHUL9921@GMAIL.COM', 'EJHPK9147Q', '2005-08-05', 'MALE', 'ADD', '', '2', '1', '1', '1', '', 'JOB', 'Gujarati', '', '', '', 'NO', 'NO', '', '', '', '', '', '', '', '', '', '', '[]', '1', '2020-08-05 17:49:31', 0, '0.00', '', '100000.00', '0', NULL),
(3, '7700002', '3', '4', '10', '1', '1', '1', 'GROUP_7700002', 'KAVA DEVELOPERS', '', 'SGFDDGDF', '', '1234564564', 'KKK@KKK.CCCC,KKK@KKK.CCCC,KKK@KKK.CCCC,KKK@KKK.CCCC', 'EJHPK9147Q', '2005-08-17', 'MALE', 'AAA', '', '1', '2', '1', '1', '', 'JOB', 'Gujarati', '', 'NO', 'NO', 'NO', 'NO', '', '', '', '', '', '', '', '', '', '', '[]', '1', '2020-08-05 17:50:04', 0, '0.00', '', '0.00', '0', NULL),
(4, '1200002', '4', '2', '10', '1', '2', '1', 'GROUP_1200002', 'ASD', '', 'BBB', 'Kava Dev', '8888888888', '', 'EJHPK9147Q', '2005-08-03', 'MALE', '1234', '', '1', '1', '3', '1', '', 'JOB', 'Gujarati', '', '', '', 'NO', 'NO', '', '', '', '', '', '', '', '', '', '', '[]', '1', '2020-08-17 15:26:37', 0, '0.00', '', '0.00', '0', NULL),
(5, '1200003', '5', '2', '10', '1', '', '1', 'GROUP_1200003', 'MEHUL KAVA', '', '', '', '', '', '', '', '', '', '', '', '', '', '', '', '', '', '', '', '', '', '', '', '', '', '', '', '', '', '', '', '', '', '1', '2020-08-17 21:06:43', 1, '0.00', '', '0.00', '0', NULL),
(6, '1500001', '7', '3', '10', '1', '', '', 'GROUP_1500001', 'ABC DEF', '', '', '', '', '', '', '', '', '', '', '', '', '', '', '', '', '', '', '', '', '', '', '', '', '', '', '', '', '', '', '', '', '', '1', '2020-08-19 18:14:10', 1, '0.00', '', '0.00', '0', NULL),
(7, '1200004', '8', '2', '10', '1', '', '', 'GROUP_1200004', 'SADASDSAD', '', '', '', '', '', '', '', '', '', '', '', '', '', '', '', '', '', '', '', '', '', '', '', '', '', '', '', '', '', '', '', '', '', '1', '2020-08-20 20:47:39', 1, '0.00', '', '0.00', '0', NULL),
(8, '1200005', '6', '2', '10', '1', '1', '1', 'GROUP_1200005', 'MEHUL KAVA', '', 'ASDASD', '', '9898375981', 'MEHUL9921@GMAIL.COM,MEHUL9921@GMAIL.COM', 'EJHPK9147A', '2005-08-03', 'MALE', 'XCVCXVCXV', '', '1', '1', '1', '1', '', 'BUSINESS', 'Gujarati', '', '', '', 'NO', 'NO', '', '', '1', '2', '', '', '', '', '', '', '[]', '1', '2020-08-21 21:17:34', 0, '0.00', '', '0.00', '0', NULL),
(9, '1200006', '10', '2', '10', '1', '', '', 'GROUP_1200006', 'ADASDAS', '', '', '', '', '', '', '', '', '', '', '', '', '', '', '', '', '', '', '', '', '', '', '', '', '', '', '', '', '', '', '', '', '', '1', '2020-08-25 22:39:02', 1, '0.00', '', '0.00', '0', NULL),
(10, '1200007', '', '2', '', '1', '1', '1', '', 'MEHUL', '1', 'KAVA', 'KAVA DEVELOPERS', '9898375981,9099998171', 'email@gmail.com,email@gmail.com', 'ADVCK5547Q', '1991-05-02', '', 'SAMPLE ADDRESS', 'SMPLE ADDRESS 2', '10', '1', '1', '1', '380000', 'JOB', 'GUJARATI', '', 'YES', 'YES', 'YES', 'YES', 'REGULAR', 'MONTHLY', '4', '101', 'remarks', 'INTRO', 'STOCK', 'GOAL', 'quatation', '', '', '', '0000-00-00 00:00:00', 0, '0.00', '', '0.00', '0', NULL),
(11, '1200008', '12', '2', '10', '1', '', '', 'GROUP_1200008', 'ABC', '', '', '', '', '', '', '', '', '', '', '', '', '', '', '', '', '', '', '', '', '', '', '', '', '', '', '', '', '', '', '', '', '', '1', '2020-09-02 20:51:07', 1, '0.00', '', '0.00', '0', NULL),
(12, '1200009', '', '2', '', '1', '1', '9', '', 'RAMDAYAL', 'CHARANLAL', 'SHARMA', '', '8200804526', '', 'BWNPS7151N', '1968-11-15', '', '405-B SATVA II NR. SOHANG HILL,', 'OPP- SAMRUDDHI PLAZA,', '312', '1', '1', '1', '382440', 'BUSSINESS', 'HINDI', '', 'NO', 'NO', 'YES', 'NO', '', '', '4', '106', 'HE IS DOING JOB WORK OF TEXTILE INDUSTRY.', 'LIBERAL NATURE & UNDERSTANDING, HE IS DOING BUSINESS SINCE 1998.', 'ACTUAL SALES RS. 45 L TO 50 L & STOCK 10% TO 15% OF SALES APPROX.', 'HE TAKEN HOME LOAN IN 2018.', '', '', '', '1', '2020-09-03 22:49:15', 0, '0.00', '', '0.00', '0', NULL),
(13, '1200010', '', '2', '', '1', '1', '9', '', 'RAMDAYAL', 'CHARANLAL', 'SHARMA', '', '8200804526', '', 'BWNPS7151N', '1968-11-15', '', '405-B SATVA II NR. SOHANG HILL,', 'OPP- SAMRUDDHI PLAZA,', '312', '1', '1', '1', '382440', 'BUSSINESS', 'HINDI', '', 'NO', 'NO', 'YES', 'NO', '', '', '4', '106', 'HE IS DOING JOB WORK OF TEXTILE INDUSTRY.', 'LIBERAL NATURE & UNDERSTANDING, HE IS DOING BUSINESS SINCE 1998.', 'ACTUAL SALES RS. 45 L TO 50 L & STOCK 10% TO 15% OF SALES APPROX.', 'HE TAKEN HOME LOAN IN 2018.', '', '', '', '1', '2020-09-03 22:49:24', 0, '0.00', '', '0.00', '0', NULL),
(14, '1200011', '', '2', '', '1', '1', '9', '', 'RAMDAYAL', 'CHARANLAL', 'SHARMA', '', '8200804526', '', 'BWNPS7151N', '1968-11-15', '', '405-B SATVA II NR. SOHANG HILL,', 'OPP- SAMRUDDHI PLAZA,', '312', '1', '1', '1', '382440', 'BUSSINESS', 'HINDI', '', 'NO', 'NO', 'YES', 'NO', '', '', '4', '106', 'HE IS DOING JOB WORK OF TEXTILE INDUSTRY.', 'LIBERAL NATURE & UNDERSTANDING, HE IS DOING BUSINESS SINCE 1998.', 'ACTUAL SALES RS. 45 L TO 50 L & STOCK 10% TO 15% OF SALES APPROX.', 'HE TAKEN HOME LOAN IN 2018.', '', '', '', '1', '2020-09-03 22:50:17', 0, '0.00', '', '0.00', '0', NULL),
(15, '1200012', '', '2', '', '1', '1', '9', '', 'RAMDAYAL', 'CHARANLAL', 'SHARMA', '', '8200804526', '', 'BWNPS7151N', '1968-11-15', '', '405-B SATVA II NR. SOHANG HILL,', 'OPP- SAMRUDDHI PLAZA,', '312', '1', '1', '1', '382440', 'BUSSINESS', 'HINDI', '', 'NO', 'NO', 'YES', 'NO', '', '', '4', '106', 'HE IS DOING JOB WORK OF TEXTILE INDUSTRY.', 'LIBERAL NATURE & UNDERSTANDING, HE IS DOING BUSINESS SINCE 1998.', 'ACTUAL SALES RS. 45 L TO 50 L & STOCK 10% TO 15% OF SALES APPROX.', 'HE TAKEN HOME LOAN IN 2018.', '', '', '', '1', '2020-09-03 22:52:28', 0, '0.00', '', '0.00', '0', NULL),
(16, '1200013', '', '2', '', '1', '6', '9', '', 'FRIST', '', '123', '', '9099998171', '', '1234567890', '2000-12-20', 'MALE', 'NIKOL', 'AVVV', '10', '1', '1', '1', '', 'BUSINESS', 'GUJARATI,ENGLISH,HINDI', '', 'YES', 'NO', 'YES', 'YES', 'REGULAR', 'MONTHLY', '43', '101,16', 'ABC1,ABC2', 'INTRO', 'STOCK', 'GOAL', 'REMARKS', '', '', '1', '2020-09-04 01:21:48', 0, '0.00', '', '0.00', '0', NULL),
(17, '1200014', '', '2', '', '1', '6', '9', '', 'FRIST', '', '123', '', '9099998171', '', '1234567890', '2000-12-20', 'MALE', 'NIKOL', 'AVVV', '10', '1', '1', '1', '', 'BUSINESS', 'GUJARATI,ENGLISH,HINDI', '', 'YES', 'NO', 'YES', 'YES', 'REGULAR', 'MONTHLY', '43', '101,16', 'ABC1,ABC2', 'INTRO', 'STOCK', 'GOAL', 'REMARKS', '', '', '1', '2020-09-04 01:21:55', 0, '0.00', '', '0.00', '0', NULL),
(18, '1200015', '', '2', '', '1', '6', '9', '', 'FRIST', '', '123', '', '9099998171', '', '1234567890', '2000-12-20', 'MALE', 'NIKOL', 'AVVV', '10', '1', '1', '1', '', 'BUSINESS', 'GUJARATI,ENGLISH,HINDI', '', 'YES', 'NO', 'YES', 'YES', 'REGULAR', 'MONTHLY', '43', '101,16', 'ABC1,ABC2', 'INTRO', 'STOCK', 'GOAL', 'REMARKS', '', '', '1', '2020-09-04 01:22:47', 0, '0.00', '', '0.00', '0', NULL),
(19, '1200016', '', '2', '', '1', '6', '9', '', 'FRIST', '', '123', '', '9099998171', '', '1234567890', '2000-12-20', 'MALE', 'NIKOL', 'AVVV', '10', '1', '1', '1', '', 'BUSINESS', 'GUJARATI,ENGLISH,HINDI', '', 'YES', 'NO', 'YES', 'YES', 'REGULAR', 'MONTHLY', '4,3', '101,16', 'ABC1,ABC2', 'INTRO', 'STOCK', 'GOAL', 'REMARKS', '', '', '1', '2020-09-04 01:27:41', 0, '0.00', '', '0.00', '0', NULL),
(20, '1200017', '', '2', '', '1', '1', '9', '', 'DARIVEMULA', 'DANIEL', 'JOSEPH', '', '9909913354,9328579641', '', 'AGHPJ1054A', '1963-07-01', 'MALE', 'I-403, SAMARTHYA STATES', 'NR. PADAMAVATI NAGAR, D-CABIN', '384', '1', '1', '1', '380005', 'JOB', 'ENGLISH', '', 'YES', 'NO', 'YES', 'NO', '', '', '', '', '', 'LIBERAL NATURE WITH CASH CRUNCH & UNDERSTANDING, VERY EXPERIANCE PERSON AND SERVING HIGH POSITION IN HIS JOB, IN VRL LOGISTIS HE WAS GUJARAT HEAD.', '', 'PERSONAL LOAN WILL BE REQUIRED.', '', '', '', '1', '2020-09-06 11:11:55', 0, '0.00', '', '0.00', '0', NULL),
(21, '1200018', '', '2', '', '1', '1', '9', '', 'AMIT', 'PANKAJKUMAR', 'PARMAR', '', '9558990789', '', 'BIYPP1336H', '1983-08-02', 'MALE', '6-B, SHIVSHAKTI NAGAR', 'NR. ANAMOL FLAT', '43', '1', '1', '1', '380022', 'JOB', 'GUJARATI', '', 'NO', 'YES', 'YES', 'NO', '', '', '', '', '', 'MODRATE NATURE, HE IS WORKING IN V S HOSPITAL.', '', 'HE IS PLANNING TO BUY HOME AND WILL TAKE HOME LOAN AROUND RS. 15 L TO 20 L.', '', '', '', '1', '2020-09-06 11:11:55', 8, '0.00', '', '0.00', '0', NULL),
(22, '1200019', '', '2', '', '1', '1', '9', '', 'PRAKASHBHAI', 'SUKHLAL', 'SHAH', 'KAPIL EMPORIUM', '9426878365', 'cacsviralshah@gmail.com', 'BUKPS2786J', '1960-11-25', 'MALE', 'THOL', 'AT THOL', '617', '20', '1', '1', '382715', 'BUSINESS', 'ENGLISH', '', 'YES', 'NO', 'YES', 'NO', '', '', '2,2', '3,4', '', '', '', '', '', '', '', '1', '2020-09-06 11:38:10', 0, '0.00', '', '0.00', '0', NULL),
(23, '1200020', '', '2', '', '1', '1', '9', '', 'RAJESHBHAI', 'TARACHAND', 'MAHESHVARI', '', '8154860065', '', 'BZWPM9630C', '1976-10-30', 'MALE', 'KALIDAS PATEL NI CHALI', 'GAMDI ANAND', '3244', '20', '1', '1', '388001', 'BUSINESS', 'HINDI', '', 'YES', 'NO', 'YES', 'NO', '', '', '2', '1', '', 'MODRATE NATURE, BHUPENDRA RATHI\'S MAMA, HE DOING BUSINESS SINCE 2005.', 'ACTUAL SALES RS. 50 L TO 60 L & STOCK 15% TO 20% OF SALES APPROX.', 'HE IS PLANNING TO BUY HOME AND WILL TAKE HOME LOAN AROUND RS. 25 L TO 30 L.', '', '', '', '1', '2020-09-06 11:38:10', 0, '0.00', '', '0.00', '0', NULL),
(24, '1200021', '', '2', '', '1', '1', '9', '', 'BHUPENDRA', 'RATANBHAI', 'MAHESHWARI', 'BHOLENATH KIRANA STORE', '9712231247', '', 'CAKPM4423K', '1993-07-03', 'MALE', 'NEAR BUS STAND', 'AT THOL', '617', '20', '1', '1', '382715', 'BUSINESS', 'ENGLISH', '', 'YES', 'NO', 'YES', 'YES', 'COMPOSITION', 'QUATERLY', '2', '1', '', 'LIBERAL NATURE WITH CASH CRUNCH & IRRESPONCIBLE WITH COMPLIANCES, HE IS DOING BUSINESS SINCE 2010.', 'ACTUAL SALES RS. 40 L TO 50 L & STOCK 15% TO 20% OF SALES APPROX.', 'BUSINESS LOAN WILL BE REQUIRED - SECURED/UNSECURED', '', '', '', '1', '2020-09-06 11:38:10', 0, '0.00', '', '0.00', '0', NULL),
(25, '1200022', '', '2', '', '1', '1', '9', '', 'RATANLAL', 'MULCHAND', 'RATHI', 'MAHESH KIRANA STORE', '8734927250', '', 'AKWPR2130E', '1965-06-01', 'MALE', 'MAHESH KIRANA STORE', 'NEAR BUS STAND AT THOL', '617', '20', '1', '1', '382715', 'BUSINESS', 'ENGLISH', '', 'YES', 'NO', 'YES', 'YES', 'COMPOSITION', 'QUATERLY', '2', '1', '', 'LIBERAL NATURE WITH CASH CRUNCH & UNDERSTANDING, HE IS DOING BUSINESS SINCE 1990.', 'ACTUAL SALES RS. 60 L TO 70 L & STOCK 10% TO 15% OF SALES APPROX.', 'BUSINESS LOAN WILL BE REQUIRED - SECURED/UNSECURED', '', '', '', '1', '2020-09-06 11:38:10', 0, '0.00', '', '0.00', '0', NULL),
(26, '1200023', '', '2', '', '1', '1', '9', '', 'PARESHBHAI', 'ARVINDBHAI', 'RATHI', 'MAHESH SEASONABLE STORE', '9726550150', '', 'AXTPR1125P', '1991-06-20', 'MALE', 'VISHWA SEASONABLE AT-THOL', 'NEAR BUS STAND', '617', '20', '1', '1', '382715', 'BUSINESS', 'ENGLISH', '', 'NO', 'YES', 'YES', 'YES', 'REGULAR', 'MONTHLY', '2,1', '22,22', 'HE IS DEALING IN PRODUCTS LIKE CRACKERS, KITES, RAKHI ETC.', 'LIBERAL NATURE WITH CASH CRUNCH & IRRESPONCIBLE WITH COMPLIANCES, HE IS DOING BUSINESS SINCE 2010.', 'ACTUAL SALES RS. 40 L TO 50 L & STOCK 5% TO 10% OF SALES APPROX.', 'BUSINESS LOAN WILL BE REQUIRED - SECURED/UNSECURED', '', '', '', '1', '2020-09-06 11:38:10', 0, '0.00', '', '0.00', '0', NULL),
(27, '1200024', '', '2', '', '1', '1', '9', '', 'JATINKUMAR', 'MUKESHBHAI', 'PATEL', '', '8000413208', '', 'CITPP7955C', '1992-06-19', 'MALE', 'SONI VAS', 'AT THOL', '617', '20', '1', '1', '382715', 'JOB', 'ENGLISH', '', 'NO', 'YES', 'YES', 'NO', '', '', '', '', '', 'DEFENCIVE & NARROW MINDED, WORKING IN IT COMPANY.', '', '', '', '', '', '1', '2020-09-06 11:38:10', 0, '0.00', '', '0.00', '0', NULL),
(28, '1200025', '', '2', '', '1', '1', '9', '', 'BHARTIBEN', 'PRAKASHBHAI', 'SHAH', '', '9426878365', 'cacsviralshah@gmail.com', 'BUKPS3182E', '1962-06-01', 'FEMALE', 'D-301, MANGALAM NIRVANA B/H SUKAN PALACE BUNGLOWS,NR.', 'HETARTH PARTY PLOT SCIENCE CITY ROAD,', '430', '1', '1', '1', '380060', 'BUSINESS', 'ENGLISH', '', 'NO', 'YES', 'YES', 'NO', '', '', '2', '138', '', '', '', '', '', '', '', '1', '2020-09-06 11:38:10', 0, '0.00', '', '0.00', '0', NULL),
(31, '1200027', '13', '2', '10', '1', '', '', 'GROUP_1200027', 'AAAAA', '', '', '', '', '', '', '', '', '', '', '', '', '', '', '', '', '', '', '', '', '', '', '', '', '', '', '', '', '', '', '', '', '', '1', '2020-09-06 23:30:23', 1, '0.00', '', '0.00', '0', NULL),
(30, '1200026', '', '2', '', '1', '1', '9', '', 'ARVINDKUMAR', 'MULCHAND', 'RATHI', 'RATHI CLOTH STORE', '9427525556', '', 'AKWPR2131F', '1963-05-04', 'MALE', 'RATHI CLOTH STORES ', 'AT THOL ', '617', '20', '1', '1', '382715', 'BUSINESS', 'ENGLISH', '', 'NO', 'YES', 'YES', 'NO', '', '', '2,2', '3,4', '', 'LIBERAL NATURE WITH CASH CRUNCH & IRRESPONCIBLE WITH COMPLIANCES, HE IS DOING BUSINESS SINCE 1985.', 'ACTUAL SALES RS. 50 L TO 60 L & STOCK 10% TO 15% OF SALES APPROX.', 'BUSINESS LOAN WILL BE REQUIRED - SECURED/UNSECURED', '', '', '', '1', '2020-09-06 14:54:24', 0, '0.00', '', '0.00', '0', NULL),
(32, '1200028', '14', '2', '13', '1', '1', '2', 'GROUP_1200028', 'ABC', '', 'A', '', '9595959595,5658889999', '', 'AJHPK9147A', '2005-09-01', 'MALE', 'AAA', '', '1', '1', '1', '1', '', 'JOB', 'Gujarati', '', '', '', 'NO', 'NO', '', '', '', '', '', '', '', '', '', '', '[]', '1', '2020-09-07 00:19:07', 0, '0.00', '', '0.00', '0', NULL),
(33, '1200029', '15', '2', '10', '1', '', '', 'GROUP_1200029', 'A', '', '', '', '', '', '', '', '', '', '', '', '', '', '', '', '', '', '', '', '', '', '', '', '', '', '', '', '', '', '', '', '', '', '10', '2020-09-23 09:59:32', 1, '0.00', '', '0.00', '0', NULL),
(34, '1200030', '16', '2', '10', '1', '', '', 'GROUP_1200030', 'LEAD', '', '', '', '', '', '', '', '', '', '', '', '', '', '', '', '', '', '', '', '', '', '', '', '', '', '', '', '', '', '', '', '', '', '10', '2020-09-23 10:11:44', 1, '0.00', '', '0.00', '0', NULL);

-- --------------------------------------------------------

--
-- Table structure for table `client_type`
--

DROP TABLE IF EXISTS `client_type`;
CREATE TABLE IF NOT EXISTS `client_type` (
  `id` int(11) NOT NULL AUTO_INCREMENT,
  `name` text NOT NULL,
  `df` int(11) NOT NULL DEFAULT 0,
  PRIMARY KEY (`id`)
) ENGINE=MyISAM AUTO_INCREMENT=12 DEFAULT CHARSET=latin1;

--
-- Dumping data for table `client_type`
--

INSERT INTO `client_type` (`id`, `name`, `df`) VALUES
(1, 'INDIVIDUAL', 0),
(2, 'HUF', 0),
(3, 'PARTNERSHIP FIRM', 0),
(4, 'LLP', 0),
(5, 'PVT LTD', 0),
(6, 'AOP/BOI', 0),
(7, 'TRUST\r\n', 0),
(8, 'GOVERNMENT\r\n', 0),
(9, 'AJP\r\n', 0),
(10, 'LOCAL AUTHORITY\r\n', 0),
(11, 'LTD', 0);

-- --------------------------------------------------------

--
-- Table structure for table `company`
--

DROP TABLE IF EXISTS `company`;
CREATE TABLE IF NOT EXISTS `company` (
  `id` int(11) NOT NULL AUTO_INCREMENT,
  `name` text NOT NULL,
  `prefix` text NOT NULL,
  `receipt_prefix` text NOT NULL,
  `reimbur_prefix` text NOT NULL,
  `gst` text NOT NULL,
  `pan` text NOT NULL,
  `add1` text NOT NULL,
  `add2` text NOT NULL,
  `letter_head` text NOT NULL,
  `bank` text NOT NULL,
  `ac_name` text NOT NULL,
  `ac_no` text NOT NULL,
  `ifsc` text NOT NULL,
  `upi` text NOT NULL,
  `df` text NOT NULL,
  PRIMARY KEY (`id`)
) ENGINE=MyISAM AUTO_INCREMENT=3 DEFAULT CHARSET=latin1;

--
-- Dumping data for table `company`
--

INSERT INTO `company` (`id`, `name`, `prefix`, `receipt_prefix`, `reimbur_prefix`, `gst`, `pan`, `add1`, `add2`, `letter_head`, `bank`, `ac_name`, `ac_no`, `ifsc`, `upi`, `df`) VALUES
(1, 'CCI', 'CCI', 'CCI_PAY', 'REIM', '24EJHPK2222Q1ZE', 'EJHPK2222Q', 'ASHRAM ROAD', 'AHMEDABAD', '1598879398.7404.jpg', 'KALUPUR', 'CCI', '01234561', 'IFSC00123456', '1234567890', ''),
(2, 'VIRAL SHAH', 'VI', 'PAY_VI', 'REIM', '', '', 'ASHRAM ROAD', 'AHMEDABAD', '1598879555.0753.jpg', 'ABC', 'VIRAL SHAH', '12355', 'IFSC', '9898375981', '');

-- --------------------------------------------------------

--
-- Table structure for table `cupboards`
--

DROP TABLE IF EXISTS `cupboards`;
CREATE TABLE IF NOT EXISTS `cupboards` (
  `id` int(11) NOT NULL AUTO_INCREMENT,
  `name` text NOT NULL,
  `df` varchar(10) NOT NULL,
  `created_at` datetime NOT NULL,
  PRIMARY KEY (`id`)
) ENGINE=MyISAM AUTO_INCREMENT=3 DEFAULT CHARSET=latin1;

--
-- Dumping data for table `cupboards`
--

INSERT INTO `cupboards` (`id`, `name`, `df`, `created_at`) VALUES
(1, 'Sample 2', '', '2020-10-02 14:52:03'),
(2, 'Sample  33', '', '2020-10-02 14:56:28');

-- --------------------------------------------------------

--
-- Table structure for table `cupboards_racks`
--

DROP TABLE IF EXISTS `cupboards_racks`;
CREATE TABLE IF NOT EXISTS `cupboards_racks` (
  `id` int(11) NOT NULL AUTO_INCREMENT,
  `name` text NOT NULL,
  `df` varchar(10) NOT NULL,
  `created_at` datetime NOT NULL,
  PRIMARY KEY (`id`)
) ENGINE=MyISAM AUTO_INCREMENT=3 DEFAULT CHARSET=latin1;

--
-- Dumping data for table `cupboards_racks`
--

INSERT INTO `cupboards_racks` (`id`, `name`, `df`, `created_at`) VALUES
(1, 'A', '', '2020-10-02 15:54:29'),
(2, 'BC', '', '2020-10-02 15:56:13');

-- --------------------------------------------------------

--
-- Table structure for table `district`
--

DROP TABLE IF EXISTS `district`;
CREATE TABLE IF NOT EXISTS `district` (
  `id` bigint(20) NOT NULL AUTO_INCREMENT,
  `name` text NOT NULL,
  `df` text NOT NULL,
  PRIMARY KEY (`id`)
) ENGINE=MyISAM AUTO_INCREMENT=4 DEFAULT CHARSET=latin1;

--
-- Dumping data for table `district`
--

INSERT INTO `district` (`id`, `name`, `df`) VALUES
(1, 'AHMEDABAD', ''),
(2, 'JUNAGADHa', 'deleted'),
(3, 'JUNAGADH', '');

-- --------------------------------------------------------

--
-- Table structure for table `documents`
--

DROP TABLE IF EXISTS `documents`;
CREATE TABLE IF NOT EXISTS `documents` (
  `id` bigint(20) NOT NULL AUTO_INCREMENT,
  `name` text NOT NULL,
  `folder` text NOT NULL,
  `sub_folder` text NOT NULL,
  `type` text NOT NULL,
  `client` text NOT NULL,
  `file` text NOT NULL,
  `date` date NOT NULL,
  PRIMARY KEY (`id`)
) ENGINE=MyISAM AUTO_INCREMENT=12 DEFAULT CHARSET=latin1;

--
-- Dumping data for table `documents`
--

INSERT INTO `documents` (`id`, `name`, `folder`, `sub_folder`, `type`, `client`, `file`, `date`) VALUES
(8, 'ITR 2020', '1', '1', 'png', '1', '1596649590.6998.png', '0000-00-00'),
(9, 'GST', '1', '3', 'jpg', '1', '1596649590.7034.jpg', '0000-00-00'),
(10, 'ITR 2', '1', '1', 'jpg', '1', '1596649590.7068.jpg', '0000-00-00'),
(11, 'PAPER', '2', '2', 'png', '1', '1596649590.7147.png', '0000-00-00');

-- --------------------------------------------------------

--
-- Table structure for table `documents_locker`
--

DROP TABLE IF EXISTS `documents_locker`;
CREATE TABLE IF NOT EXISTS `documents_locker` (
  `id` bigint(20) NOT NULL AUTO_INCREMENT,
  `client` text NOT NULL,
  `cupboard` text NOT NULL,
  `reck` text NOT NULL,
  `responsible` text NOT NULL,
  `get_remarks` text NOT NULL,
  `sent_remarks` text NOT NULL,
  `get_date` date NOT NULL,
  `sent_date` date DEFAULT NULL,
  `doc_remarks` text NOT NULL,
  `done` int(11) NOT NULL DEFAULT 0,
  `df` varchar(10) NOT NULL,
  `created_at` datetime NOT NULL,
  PRIMARY KEY (`id`)
) ENGINE=MyISAM DEFAULT CHARSET=latin1;

-- --------------------------------------------------------

--
-- Table structure for table `document_folders`
--

DROP TABLE IF EXISTS `document_folders`;
CREATE TABLE IF NOT EXISTS `document_folders` (
  `id` int(11) NOT NULL AUTO_INCREMENT,
  `name` text NOT NULL,
  `df` text NOT NULL,
  PRIMARY KEY (`id`)
) ENGINE=MyISAM AUTO_INCREMENT=3 DEFAULT CHARSET=latin1;

--
-- Dumping data for table `document_folders`
--

INSERT INTO `document_folders` (`id`, `name`, `df`) VALUES
(1, 'FY 2019-2020', ''),
(2, 'LOAN', '');

-- --------------------------------------------------------

--
-- Table structure for table `document_sub_folders`
--

DROP TABLE IF EXISTS `document_sub_folders`;
CREATE TABLE IF NOT EXISTS `document_sub_folders` (
  `id` bigint(20) NOT NULL AUTO_INCREMENT,
  `name` text NOT NULL,
  `main` text NOT NULL,
  `df` text NOT NULL,
  PRIMARY KEY (`id`)
) ENGINE=MyISAM AUTO_INCREMENT=4 DEFAULT CHARSET=latin1;

--
-- Dumping data for table `document_sub_folders`
--

INSERT INTO `document_sub_folders` (`id`, `name`, `main`, `df`) VALUES
(1, 'ITR', '1', ''),
(2, 'PAPER', '2', ''),
(3, 'GST', '1', '');

-- --------------------------------------------------------

--
-- Table structure for table `due_dates`
--

DROP TABLE IF EXISTS `due_dates`;
CREATE TABLE IF NOT EXISTS `due_dates` (
  `id` bigint(20) NOT NULL AUTO_INCREMENT,
  `date` date NOT NULL,
  `remarks` text NOT NULL,
  `dt` date NOT NULL,
  PRIMARY KEY (`id`)
) ENGINE=MyISAM AUTO_INCREMENT=4 DEFAULT CHARSET=latin1;

--
-- Dumping data for table `due_dates`
--

INSERT INTO `due_dates` (`id`, `date`, `remarks`, `dt`) VALUES
(1, '2020-08-31', 'asdasd', '2020-08-31'),
(2, '2020-09-10', 'dfdsfdsf', '2020-08-31'),
(3, '2020-09-24', 'ABC', '2020-09-24');

-- --------------------------------------------------------

--
-- Table structure for table `expenses`
--

DROP TABLE IF EXISTS `expenses`;
CREATE TABLE IF NOT EXISTS `expenses` (
  `id` bigint(20) NOT NULL AUTO_INCREMENT,
  `date` date NOT NULL,
  `perticulars` text NOT NULL,
  `amount` decimal(40,2) NOT NULL,
  PRIMARY KEY (`id`)
) ENGINE=MyISAM DEFAULT CHARSET=latin1;

-- --------------------------------------------------------

--
-- Table structure for table `family`
--

DROP TABLE IF EXISTS `family`;
CREATE TABLE IF NOT EXISTS `family` (
  `id` int(11) NOT NULL AUTO_INCREMENT,
  `name` text NOT NULL,
  `mobile` text NOT NULL,
  `email` text NOT NULL,
  `relation` text NOT NULL,
  `itr` text NOT NULL,
  `client` text NOT NULL,
  PRIMARY KEY (`id`)
) ENGINE=MyISAM DEFAULT CHARSET=latin1;

-- --------------------------------------------------------

--
-- Table structure for table `files`
--

DROP TABLE IF EXISTS `files`;
CREATE TABLE IF NOT EXISTS `files` (
  `id` bigint(20) NOT NULL AUTO_INCREMENT,
  `name` text NOT NULL,
  `filename` text NOT NULL,
  `type` text NOT NULL,
  `for` text NOT NULL,
  `for_id` text NOT NULL,
  PRIMARY KEY (`id`)
) ENGINE=MyISAM AUTO_INCREMENT=4 DEFAULT CHARSET=latin1;

--
-- Dumping data for table `files`
--

INSERT INTO `files` (`id`, `name`, `filename`, `type`, `for`, `for_id`) VALUES
(3, 'dasdad', '1597932273.7917.png', 'png', 'Lead', '8');

-- --------------------------------------------------------

--
-- Table structure for table `followup`
--

DROP TABLE IF EXISTS `followup`;
CREATE TABLE IF NOT EXISTS `followup` (
  `id` bigint(20) NOT NULL AUTO_INCREMENT,
  `remarks` text NOT NULL,
  `next_f` date DEFAULT NULL,
  `ftime` time DEFAULT NULL,
  `ttime` time DEFAULT NULL,
  `date` datetime NOT NULL,
  `type` text NOT NULL,
  `main_id` text NOT NULL,
  `customer` text NOT NULL,
  `needed` int(11) NOT NULL DEFAULT 1,
  `followup_by` text NOT NULL,
  PRIMARY KEY (`id`)
) ENGINE=MyISAM AUTO_INCREMENT=125 DEFAULT CHARSET=latin1;

--
-- Dumping data for table `followup`
--

INSERT INTO `followup` (`id`, `remarks`, `next_f`, `ftime`, `ttime`, `date`, `type`, `main_id`, `customer`, `needed`, `followup_by`) VALUES
(1, 'asdasd', '2020-08-05', NULL, NULL, '2020-08-05 17:48:47', 'lead', '1', '1', 1, '1'),
(2, 'asdasd', '2020-08-05', NULL, NULL, '2020-08-05 17:49:31', 'lead', '2', '1', 1, '1'),
(3, 'as', '2020-08-05', NULL, NULL, '2020-08-05 17:50:04', 'lead', '3', '1', 1, '1'),
(4, 'asdsdf', '2020-08-05', NULL, NULL, '2020-08-05 19:58:53', 'job', '1', '0', 0, '1'),
(5, 'Bill Generated', '2020-08-05', NULL, NULL, '2020-08-05 20:05:02', 'job', '1', '1', 0, '1'),
(6, 'sdfsdf', '2020-08-05', '10:00:00', NULL, '2020-08-05 20:12:30', 'lead', '4', '', 1, '1'),
(7, 'asd', '2020-08-05', '10:00:00', NULL, '2020-08-05 20:19:18', 'lead', '4', '', 1, '1'),
(8, 'asdasd', '2020-08-05', NULL, NULL, '2020-08-05 20:31:37', 'job', '2', '0', 1, '1'),
(9, 'asd', NULL, NULL, NULL, '2020-08-05 20:34:20', 'job', '2', '0', 0, '1'),
(10, 'asdasd', NULL, NULL, NULL, '2020-08-05 20:34:48', 'job', '2', '0', 0, '1'),
(11, 'asd', NULL, NULL, NULL, '2020-08-05 20:35:18', 'job', '2', '0', 0, '1'),
(12, 'tertert', '2020-08-17', NULL, NULL, '2020-08-17 15:26:37', 'lead', '4', '1', 1, '1'),
(13, 'adasd', NULL, NULL, NULL, '2020-08-17 15:40:14', 'job', '3', '0', 0, '1'),
(14, 'asdasd', NULL, NULL, NULL, '2020-08-17 15:46:44', 'job', '4', '0', 0, '1'),
(15, 'dasd', NULL, NULL, NULL, '2020-08-17 15:47:47', 'job', '3', '0', 0, '1'),
(16, 'asd', NULL, NULL, NULL, '2020-08-17 15:51:38', 'job', '4', '0', 0, '1'),
(17, 'adad', NULL, NULL, NULL, '2020-08-17 15:51:46', 'job', '4', '0', 0, '1'),
(18, 'asdasd', '2020-08-17', NULL, NULL, '2020-08-17 15:52:03', 'job', '4', '0', 1, '1'),
(19, 'sadasd', NULL, NULL, NULL, '2020-08-17 15:54:57', 'job', '3', '0', 0, '1'),
(20, 'asdasd', '2020-08-20', '10:20:00', NULL, '2020-08-17 15:57:44', 'job', '3', '0', 1, '1'),
(21, 'fsdfdsf', '2020-08-19', '12:00:00', '13:00:00', '2020-08-17 15:58:26', 'job', '3', '0', 1, '1'),
(22, 'asdasd', NULL, NULL, NULL, '2020-08-17 15:59:01', 'job', '3', '0', 0, '1'),
(23, 'asdasd', NULL, NULL, NULL, '2020-08-17 15:59:11', 'job', '4', '0', 0, '1'),
(24, 'Bill Generated', '2020-08-17', NULL, NULL, '2020-08-17 16:59:07', 'job', '3', '3', 0, '1'),
(25, 'Bill Generated', '2020-08-17', NULL, NULL, '2020-08-17 16:59:07', 'job', '4', '3', 0, '1'),
(26, 'dadsd', NULL, NULL, NULL, '2020-08-17 17:03:49', 'job', '5', '0', 0, '1'),
(27, 'asdsad', NULL, NULL, NULL, '2020-08-17 17:03:54', 'job', '6', '0', 0, '1'),
(28, 'asdsad', NULL, NULL, NULL, '2020-08-17 17:04:01', 'job', '7', '0', 0, '1'),
(29, 'Bill Generated', '2020-08-17', NULL, NULL, '2020-08-17 17:05:27', 'job', '5', '4', 0, '1'),
(30, 'Bill Generated', '2020-08-17', NULL, NULL, '2020-08-17 17:05:27', 'job', '6', '4', 0, '1'),
(31, 'sddfsdf', '2020-08-17', NULL, NULL, '2020-08-17 21:06:43', 'lead', '5', '1', 1, '1'),
(32, 'adad', '2020-08-20', NULL, NULL, '2020-08-19 11:34:44', 'job', '8', '0', 1, '1'),
(33, 'fsdf', '2020-08-19', NULL, NULL, '2020-08-19 11:37:40', 'job', '8', '0', 1, '1'),
(34, 'asdasd', NULL, NULL, NULL, '2020-08-19 18:07:26', 'job', '8', '0', 0, '1'),
(35, 'adadasd', '2020-08-19', NULL, NULL, '2020-08-19 18:13:52', 'lead', '7', '', 1, '1'),
(36, 'asdasdasd', '2020-08-19', NULL, NULL, '2020-08-19 18:14:10', 'lead', '7', '1', 1, '1'),
(37, 'dfsdf', '2020-08-19', NULL, NULL, '2020-08-19 21:24:34', 'payment', '3', '0', 1, '1'),
(38, 'sadasd', '2020-08-19', NULL, NULL, '2020-08-19 21:25:01', 'payment', '2', '0', 1, '1'),
(39, 'adads', '1970-01-01', NULL, NULL, '2020-08-19 21:25:46', 'payment', '2', '0', 1, '1'),
(40, 'asdasd', '1970-01-01', NULL, NULL, '2020-08-19 21:25:54', 'payment', '2', '0', 1, '1'),
(41, 'adasd', '2020-08-19', NULL, NULL, '2020-08-19 21:27:40', 'payment', '2', '0', 1, '1'),
(42, 'dsfsd', '2020-08-19', NULL, NULL, '2020-08-19 21:28:13', 'payment', '2', '0', 1, '1'),
(43, 'adasd', '2020-08-19', NULL, NULL, '2020-08-19 21:28:52', 'payment', '1', '0', 1, '1'),
(44, 'sdasdasd-', '2020-08-20', NULL, NULL, '2020-08-20 20:08:29', 'lead', '8', '', 1, '1'),
(45, '1', '2020-08-20', NULL, NULL, '2020-08-20 20:47:30', 'lead', '8', '0', 1, '1'),
(46, '2', '2020-08-20', NULL, NULL, '2020-08-20 20:47:39', 'lead', '8', '1', 1, '1'),
(47, 'sdfasdsad', '2020-08-20', NULL, NULL, '2020-08-20 20:50:51', 'lead', '6', '', 1, '1'),
(48, 'asdsad', '2020-08-21', NULL, NULL, '2020-08-21 21:17:34', 'lead', '6', '1', 1, '1'),
(49, 'New Work Followup', '2020-08-21', '10:20:00', '17:05:00', '2020-08-21 22:31:35', 'newWork', '1', '', 1, '1'),
(50, 'dasdasd', NULL, NULL, NULL, '2020-08-21 23:09:17', 'newWork', '1', '0', 1, '1'),
(51, 'adsad', '2020-08-21', '23:24:00', NULL, '2020-08-21 23:24:53', 'job', '8', '0', 1, '1'),
(52, 'fsdf', '2020-08-21', '23:26:00', NULL, '2020-08-21 23:26:17', 'job', '8', '0', 1, '1'),
(53, 'dsasd', '2020-08-21', '23:37:00', NULL, '2020-08-21 23:37:30', 'job', '15', '0', 1, '1'),
(54, 'asdasd', '2020-08-21', '23:39:00', NULL, '2020-08-21 23:39:04', 'job', '9', '0', 1, '11'),
(55, 'dasdasd', '2020-08-21', '23:48:00', NULL, '2020-08-21 23:48:45', 'job', '9', '0', 1, '11'),
(56, 'asd', '2020-08-21', '23:49:00', NULL, '2020-08-21 23:49:49', 'job', '9', '0', 1, '11'),
(57, 'adasd', '2020-08-21', '23:52:00', NULL, '2020-08-21 23:52:56', 'job', '9', '0', 1, '11'),
(58, 'adasd', '2020-08-21', '23:55:00', NULL, '2020-08-21 23:55:16', 'job', '9', '0', 1, '11'),
(59, 'adasd', '2020-08-21', '23:56:00', NULL, '2020-08-21 23:56:29', 'job', '9', '0', 1, '11'),
(60, 'dads', '2020-08-21', NULL, NULL, '2020-08-21 23:58:51', 'job', '9', '0', 1, '11'),
(61, 'fsdf', '2020-08-22', '00:01:00', NULL, '2020-08-22 00:03:45', 'job', '9', '0', 1, '11'),
(62, 'aadasd', '2020-08-22', NULL, NULL, '2020-08-22 00:04:04', 'job', '9', '0', 1, '11'),
(63, 'asdasd', '2020-08-22', '02:02:00', NULL, '2020-08-22 00:04:41', 'job', '9', '0', 1, '11'),
(64, 'asdasd', '2020-08-22', '10:20:00', '22:05:00', '2020-08-22 00:05:01', 'job', '9', '0', 1, '11'),
(65, 'sdfsdfsf', '2020-08-22', '10:22:00', NULL, '2020-08-22 00:06:16', 'job', '9', '0', 1, '11'),
(66, 'fdsf', '2020-08-26', '12:00:00', NULL, '2020-08-22 00:06:25', 'job', '9', '0', 1, '11'),
(67, 'sdfsdf', '2020-08-22', '10:20:00', NULL, '2020-08-22 00:09:10', 'job', '8', '0', 1, '11'),
(68, 'fsdfsdf', '2020-08-22', '00:11:00', NULL, '2020-08-22 00:11:16', 'job', '15', '0', 1, '1'),
(69, 'sdasd', '2020-08-22', '00:13:00', NULL, '2020-08-22 00:13:51', 'job', '15', '0', 1, '1'),
(70, 'adds', '2020-08-22', '22:08:00', NULL, '2020-08-22 00:19:46', 'newWork', '1', '0', 1, '1'),
(71, 'New Work Followup', '2020-08-22', '00:21:00', NULL, '2020-08-22 00:21:27', 'newWork', '4', '', 1, '10'),
(72, 'adadsd', NULL, NULL, NULL, '2020-08-22 00:48:48', 'newWork', '4', '1', 1, '10'),
(73, 'dadads', NULL, NULL, NULL, '2020-08-22 00:55:26', 'newWork', '4', '1', 1, '10'),
(74, 'Bill Generated', '2020-08-25', NULL, NULL, '2020-08-25 21:44:23', 'job', '2', '2', 0, '1'),
(75, 'Bill Generated', '2020-08-25', NULL, NULL, '2020-08-25 21:44:33', 'job', '7', '4', 0, '1'),
(76, 'asdasd', '2020-08-25', NULL, NULL, '2020-08-25 22:39:02', 'lead', '10', '1', 1, '1'),
(77, 'adasdsad', '2020-08-30', NULL, NULL, '2020-08-30 21:36:28', 'lead', '11', '', 1, '10'),
(78, 'hkkj', NULL, NULL, NULL, '2020-08-30 21:43:02', 'job', '8', '0', 0, '1'),
(79, 'kjjkjkh', NULL, NULL, NULL, '2020-08-30 21:43:10', 'job', '9', '0', 0, '1'),
(80, 'Abc', '2020-08-31', NULL, NULL, '2020-08-31 18:27:42', 'lead', '12', '', 1, '10'),
(81, 'Bill Generated', '2020-08-31', NULL, NULL, '2020-08-31 19:48:51', 'job', '8', '4', 0, '1'),
(82, 'Bill Generated', '2020-08-31', NULL, NULL, '2020-08-31 19:49:06', 'job', '9', '6', 0, '1'),
(83, 'dsfsdf', NULL, NULL, NULL, '2020-08-31 19:51:52', 'job', '10', '0', 0, '1'),
(84, 'fsdf', NULL, NULL, NULL, '2020-08-31 19:52:00', 'job', '11', '0', 0, '1'),
(85, 'adsd', NULL, NULL, NULL, '2020-08-31 19:52:07', 'job', '12', '0', 0, '1'),
(86, 'dasd', NULL, NULL, NULL, '2020-08-31 19:52:17', 'job', '17', '0', 0, '1'),
(87, 'asdsad', NULL, NULL, NULL, '2020-08-31 19:52:24', 'job', '16', '0', 0, '1'),
(88, 'Bill Generated', '2020-08-31', NULL, NULL, '2020-08-31 19:53:02', 'job', '10', '6', 0, '1'),
(89, 'Bill Generated', '2020-08-31', NULL, NULL, '2020-08-31 19:53:53', 'job', '11', '1', 0, '1'),
(90, 'Bill Generated', '2020-08-31', NULL, NULL, '2020-08-31 19:55:36', 'job', '12', '7', 0, '1'),
(91, 'Bill Generated', '2020-08-31', NULL, NULL, '2020-08-31 19:55:58', 'job', '16', '2', 0, '1'),
(92, 'Bill Generated', '2020-08-31', NULL, NULL, '2020-08-31 19:56:24', 'job', '17', '9', 0, '1'),
(93, 'sdasd', NULL, NULL, NULL, '2020-08-31 19:58:26', 'job', '13', '0', 0, '1'),
(94, 'adasd', NULL, NULL, NULL, '2020-08-31 19:58:34', 'job', '14', '0', 0, '1'),
(95, 'Bill Generated', '2020-08-31', NULL, NULL, '2020-08-31 19:58:46', 'job', '13', '7', 0, '1'),
(96, 'Bill Generated', '2020-08-31', NULL, NULL, '2020-08-31 19:59:17', 'job', '14', '8', 0, '1'),
(97, 'adasd', NULL, NULL, NULL, '2020-08-31 19:59:43', 'job', '15', '0', 0, '1'),
(98, 'Bill Generated', '2020-08-31', NULL, NULL, '2020-08-31 19:59:53', 'job', '15', '1', 0, '1'),
(99, 'New Work Followup', '2020-08-31', NULL, NULL, '2020-08-31 22:10:18', 'newWork', '1', '', 1, '10'),
(100, 'asdasd', NULL, NULL, NULL, '2020-08-31 22:14:14', 'newWork', '2', '1', 1, '10'),
(101, 'asdasd', NULL, NULL, NULL, '2020-08-31 22:55:45', 'job', '18', '0', 0, '1'),
(102, 'o[p', NULL, NULL, NULL, '2020-09-02 19:26:04', 'job', '19', '0', 0, '1'),
(103, 'adad', '2020-09-02', NULL, NULL, '2020-09-02 20:51:07', 'lead', '12', '1', 1, '1'),
(104, 'adsd', NULL, NULL, NULL, '2020-09-02 20:55:14', 'job', '20', '0', 0, '1'),
(105, 'New Work Followup', '2020-09-03', '09:24:00', NULL, '2020-09-03 09:24:47', 'newWork', '4', '', 1, '1'),
(106, 'dadas', NULL, NULL, NULL, '2020-09-03 10:44:14', 'newWork', '1', '1', 1, '1'),
(107, 'New Work Followup', '2020-09-06', NULL, NULL, '2020-09-06 16:20:01', 'newWork', '2', '', 1, '1'),
(108, 'DOE', NULL, NULL, NULL, '2020-09-06 16:41:58', 'job', '21', '0', 0, '1'),
(109, 'adasd', NULL, NULL, NULL, '2020-09-06 16:45:43', 'job', '22', '0', 0, '1'),
(110, 'sdasd', NULL, NULL, NULL, '2020-09-06 16:45:54', 'job', '22', '0', 0, '1'),
(111, 'adas', NULL, NULL, NULL, '2020-09-06 16:47:09', 'job', '23', '0', 0, '1'),
(112, 'asdasdsa', NULL, NULL, NULL, '2020-09-06 16:48:56', 'job', '24', '1', 0, '1'),
(113, 'DOEN', NULL, NULL, NULL, '2020-09-06 16:54:18', 'job', '25', '0', 0, '1'),
(114, 'Done', '2020-09-06', NULL, NULL, '2020-09-06 23:30:07', 'lead', '13', '0', 1, '1'),
(115, 'Done', '2020-09-06', NULL, NULL, '2020-09-06 23:30:23', 'lead', '13', '1', 1, '1'),
(116, 'DONE', NULL, NULL, NULL, '2020-09-06 23:36:17', 'job', '27', '0', 0, '1'),
(117, 'Bill Generated', '2020-09-06', NULL, NULL, '2020-09-06 23:40:21', 'job', '27', '31', 0, '1'),
(118, 'dasdsad', '2020-09-07', NULL, NULL, '2020-09-07 00:19:07', 'lead', '14', '1', 1, '1'),
(119, 'sdadasd', '2020-09-23', NULL, NULL, '2020-09-23 09:59:32', 'lead', '15', '1', 1, '10'),
(120, 'asdasd', '2020-09-23', NULL, NULL, '2020-09-23 10:11:44', 'lead', '16', '1', 1, '10'),
(121, 'AGG', NULL, NULL, NULL, '2020-09-23 11:53:14', 'job', '28', '0', 0, '9'),
(122, 'Abc', '2020-09-24', NULL, NULL, '2020-09-24 19:18:09', 'payment', '1', '0', 1, '1'),
(123, 'asdad', '2020-09-25', NULL, NULL, '2020-09-24 19:19:11', 'payment', '1', '0', 1, '1'),
(124, 'adsdasd', '2020-09-30', NULL, NULL, '2020-09-24 19:19:22', 'payment', '1', '0', 1, '1');

-- --------------------------------------------------------

--
-- Table structure for table `grouping`
--

DROP TABLE IF EXISTS `grouping`;
CREATE TABLE IF NOT EXISTS `grouping` (
  `id` int(11) NOT NULL AUTO_INCREMENT,
  `main` text NOT NULL,
  `child` text NOT NULL,
  `relation` text NOT NULL,
  `remarks` text NOT NULL,
  PRIMARY KEY (`id`)
) ENGINE=MyISAM AUTO_INCREMENT=5 DEFAULT CHARSET=latin1;

--
-- Dumping data for table `grouping`
--

INSERT INTO `grouping` (`id`, `main`, `child`, `relation`, `remarks`) VALUES
(1, '1', '2', 'SDASD', 'sadasd'),
(2, '1', '10', 'BRO', ''),
(3, '1', '10', 'ASDAS', 'sdasd'),
(4, '1', '2', 'SDADASD', '');

-- --------------------------------------------------------

--
-- Table structure for table `industry`
--

DROP TABLE IF EXISTS `industry`;
CREATE TABLE IF NOT EXISTS `industry` (
  `id` int(11) NOT NULL AUTO_INCREMENT,
  `name` text NOT NULL,
  `df` text NOT NULL,
  PRIMARY KEY (`id`)
) ENGINE=MyISAM AUTO_INCREMENT=5 DEFAULT CHARSET=latin1;

--
-- Dumping data for table `industry`
--

INSERT INTO `industry` (`id`, `name`, `df`) VALUES
(1, 'TRADING WHOLE SALES', ''),
(2, 'TRADING RETAIL SALES', ''),
(3, 'MANUFACTURING', ''),
(4, 'SERVICE', '');

-- --------------------------------------------------------

--
-- Table structure for table `invoice`
--

DROP TABLE IF EXISTS `invoice`;
CREATE TABLE IF NOT EXISTS `invoice` (
  `id` bigint(20) NOT NULL AUTO_INCREMENT,
  `inv` text NOT NULL,
  `company` text NOT NULL,
  `branch` text NOT NULL,
  `client` text NOT NULL,
  `date` date NOT NULL,
  `fdate` date DEFAULT NULL,
  `total` decimal(40,2) NOT NULL,
  `remarks` text NOT NULL,
  `created_at` datetime NOT NULL,
  `created_by` text NOT NULL,
  `done` int(11) NOT NULL DEFAULT 0,
  PRIMARY KEY (`id`)
) ENGINE=MyISAM AUTO_INCREMENT=17 DEFAULT CHARSET=latin1;

--
-- Dumping data for table `invoice`
--

INSERT INTO `invoice` (`id`, `inv`, `company`, `branch`, `client`, `date`, `fdate`, `total`, `remarks`, `created_at`, `created_by`, `done`) VALUES
(1, 'CCI_1', '1', '4', '1', '2020-08-05', '2020-08-19', '200.00', 'asdasd', '2020-08-05 20:05:02', '1', 1),
(2, 'CCI_2', '1', '4', '3', '2020-08-17', '2020-08-19', '5510.01', '', '2020-08-17 16:59:07', '1', 1),
(3, 'CCI_3', '1', '2', '4', '2020-07-17', NULL, '6600.00', '', '2020-07-17 17:05:27', '1', 0),
(4, 'CCI_4', '1', '2', '2', '2020-08-25', NULL, '100000.00', 'assd', '2020-08-25 21:44:23', '1', 0),
(5, 'CCI_5', '1', '2', '4', '2020-08-25', NULL, '5000.00', '', '2020-08-25 21:44:33', '1', 0),
(6, 'CCI_6', '1', '2', '4', '2020-08-31', NULL, '120.00', '', '2020-08-31 19:48:51', '1', 0),
(7, 'CCI_7', '1', '3', '6', '2020-08-31', NULL, '100.00', '', '2020-08-31 19:49:06', '1', 0),
(8, 'CCI_8', '1', '3', '6', '2020-08-31', NULL, '500.00', '', '2020-08-31 19:53:02', '1', 0),
(9, 'CCI_9', '1', '4', '1', '2020-08-31', NULL, '100.00', '', '2020-08-31 19:53:53', '1', 0),
(10, 'CCI_10', '1', '2', '7', '2020-08-31', NULL, '5000.00', '', '2020-08-31 19:55:36', '1', 0),
(11, 'CCI_11', '1', '2', '2', '2020-08-31', NULL, '1200.00', '', '2020-08-31 19:55:58', '1', 0),
(12, 'CCI_12', '1', '2', '9', '2020-08-31', NULL, '1200.00', '', '2020-08-31 19:56:24', '1', 0),
(13, 'CCI_13', '1', '2', '7', '2020-08-31', NULL, '10000.00', '', '2020-08-31 19:58:46', '1', 0),
(14, 'CCI_14', '1', '2', '8', '2020-08-31', NULL, '120.00', '123', '2020-08-31 19:59:17', '1', 0),
(15, 'CCI_15', '1', '4', '1', '2020-08-31', NULL, '1200.00', '', '2020-08-31 19:59:53', '1', 0),
(16, 'CCI_16', '1', '2', '31', '2020-09-06', NULL, '1200.00', 'Done', '2020-09-06 23:40:21', '1', 0);

-- --------------------------------------------------------

--
-- Table structure for table `invoice_details`
--

DROP TABLE IF EXISTS `invoice_details`;
CREATE TABLE IF NOT EXISTS `invoice_details` (
  `id` bigint(20) NOT NULL AUTO_INCREMENT,
  `service` text NOT NULL,
  `price` decimal(40,2) NOT NULL,
  `qty` decimal(40,2) NOT NULL,
  `total` decimal(40,2) NOT NULL,
  `invoice` text NOT NULL,
  PRIMARY KEY (`id`)
) ENGINE=MyISAM AUTO_INCREMENT=19 DEFAULT CHARSET=latin1;

--
-- Dumping data for table `invoice_details`
--

INSERT INTO `invoice_details` (`id`, `service`, `price`, `qty`, `total`, `invoice`) VALUES
(1, '1', '200.00', '1.00', '200.00', '1'),
(2, '2', '500.01', '1.00', '500.01', '2'),
(3, '2', '5010.00', '1.00', '5010.00', '2'),
(4, '1', '6000.00', '1.00', '6000.00', '3'),
(5, '4', '600.00', '1.00', '600.00', '3'),
(6, '2', '100000.00', '1.00', '100000.00', '4'),
(7, '5', '5000.00', '1.00', '5000.00', '5'),
(8, '6', '120.00', '1.00', '120.00', '6'),
(9, '1', '100.00', '1.00', '100.00', '7'),
(10, '2', '500.00', '1.00', '500.00', '8'),
(11, '1', '100.00', '1.00', '100.00', '9'),
(12, '2', '5000.00', '1.00', '5000.00', '10'),
(13, '1', '1200.00', '1.00', '1200.00', '11'),
(14, '1', '1200.00', '1.00', '1200.00', '12'),
(15, '2', '10000.00', '1.00', '10000.00', '13'),
(16, '1', '120.00', '1.00', '120.00', '14'),
(17, '1', '1200.00', '1.00', '1200.00', '15'),
(18, '1', '1200.00', '1.00', '1200.00', '16');

-- --------------------------------------------------------

--
-- Table structure for table `job`
--

DROP TABLE IF EXISTS `job`;
CREATE TABLE IF NOT EXISTS `job` (
  `id` bigint(20) NOT NULL AUTO_INCREMENT,
  `job_id` text NOT NULL,
  `branch` text NOT NULL,
  `service` text NOT NULL,
  `qty` decimal(40,2) NOT NULL DEFAULT 1.00,
  `price` decimal(40,2) NOT NULL,
  `client` text NOT NULL,
  `status` text NOT NULL,
  `owner` text NOT NULL,
  `pre_owner` text NOT NULL,
  `importance` text NOT NULL,
  `f_date` date DEFAULT NULL,
  `f_time` time DEFAULT NULL,
  `t_time` time DEFAULT NULL,
  `remarks` text NOT NULL,
  `created_by` text NOT NULL,
  `created_at` datetime NOT NULL,
  `updated_date` date DEFAULT NULL,
  `fstatus` int(11) NOT NULL DEFAULT 0,
  PRIMARY KEY (`id`)
) ENGINE=MyISAM AUTO_INCREMENT=39 DEFAULT CHARSET=latin1;

--
-- Dumping data for table `job`
--

INSERT INTO `job` (`id`, `job_id`, `branch`, `service`, `qty`, `price`, `client`, `status`, `owner`, `pre_owner`, `importance`, `f_date`, `f_time`, `t_time`, `remarks`, `created_by`, `created_at`, `updated_date`, `fstatus`) VALUES
(1, 'JOB_1', '4', '1', '1.00', '200.00', '1', '4', '12', '11', 'Medium', '2020-08-05', NULL, NULL, '', '1', '2020-08-05 18:17:24', NULL, 0),
(2, 'JOB_2', '2', '2', '1.00', '100000.00', '2', '4', '9', '', 'URGENT', '2020-08-25', NULL, NULL, '', '1', '2020-08-05 19:16:18', NULL, 0),
(3, 'JOB_3', '4', '2', '1.00', '500.01', '3', '4', '12', '', 'URGENT', '2020-08-17', NULL, NULL, '', '1', '2020-08-17 15:28:06', NULL, 0),
(4, 'JOB_4', '4', '2', '1.00', '5010.00', '3', '4', '11', '', 'NORMAL', '2020-08-17', NULL, NULL, '', '1', '2020-08-17 15:28:06', NULL, 0),
(5, 'JOB_5', '2', '1', '1.00', '6000.00', '4', '4', '11', '', 'NORMAL', '2020-08-17', NULL, NULL, '', '1', '2020-08-17 17:03:37', NULL, 0),
(6, 'JOB_6', '2', '4', '1.00', '600.00', '4', '4', '11', '', 'NORMAL', '2020-08-17', NULL, NULL, '', '1', '2020-08-17 17:03:37', NULL, 0),
(7, 'JOB_7', '2', '5', '1.00', '5000.00', '4', '4', '12', '', 'NORMAL', '2020-08-25', NULL, NULL, '', '1', '2020-08-17 17:03:37', NULL, 0),
(8, 'JOB_8', '2', '6', '1.00', '120.00', '4', '4', '12', '', 'NORMAL', '2020-08-31', NULL, NULL, '', '1', '2020-08-17 17:03:37', NULL, 1),
(9, 'JOB_9', '3', '1', '1.00', '100.00', '6', '4', '11', '', 'NORMAL', '2020-08-31', NULL, NULL, '', '1', '2020-08-19 18:14:10', NULL, 1),
(10, 'JOB_10', '3', '2', '1.00', '500.00', '6', '4', '12', '', 'NORMAL', '2020-08-31', NULL, NULL, '', '1', '2020-08-19 18:14:10', NULL, 1),
(11, 'JOB_11', '', '1', '1.00', '100.00', '1', '4', '1', '', 'NORMAL', '2020-08-31', NULL, NULL, '', '1', '2020-08-19 18:43:48', NULL, 1),
(12, 'JOB_12', '2', '2', '1.00', '5000.00', '7', '4', '12', '', 'NORMAL', '2020-08-31', NULL, NULL, '', '1', '2020-08-20 20:47:39', NULL, 1),
(13, 'JOB_13', '2', '2', '1.00', '10000.00', '7', '4', '12', '', 'NORMAL', '2020-08-31', NULL, NULL, '', '1', '2020-08-20 20:47:39', NULL, 1),
(14, 'JOB_14', '2', '1', '1.00', '0.00', '8', '4', '11', '', 'NORMAL', '2020-08-31', NULL, NULL, '', '1', '2020-08-21 21:17:34', NULL, 1),
(15, 'JOB_15', '', '1', '1.00', '1200.00', '1', '4', '1', '', 'NORMAL', '2020-08-31', NULL, NULL, '', '1', '2020-08-21 23:34:24', NULL, 1),
(16, 'JOB_16', '2', '1', '1.00', '1200.00', '2', '4', '12', '', 'NORMAL', '2020-08-31', NULL, NULL, '', '10', '2020-08-22 00:55:26', NULL, 1),
(17, 'JOB_17', '2', '1', '1.00', '1200.00', '9', '4', '9', '', 'NORMAL', '2020-08-31', NULL, NULL, '', '1', '2020-08-25 22:39:02', NULL, 1),
(18, 'JOB_18', '2', '1', '1.00', '1200.00', '1', '3', '9', '11', 'NORMAL', NULL, NULL, NULL, '', '10', '2020-08-31 22:14:14', NULL, 1),
(19, 'JOB_19', '', '1', '1.00', '1200.00', '2', '3', '1', '', 'NORMAL', NULL, NULL, NULL, '', '1', '2020-08-31 22:57:08', NULL, 1),
(20, 'JOB_20', '2', '1', '1.00', '1200.00', '11', '3', '11', '', 'NORMAL', NULL, NULL, NULL, '', '1', '2020-09-02 20:51:07', NULL, 1),
(21, 'JOB_21', '2', '1', '1.00', '1200.00', '1', '3', '9', '', 'NORMAL', NULL, NULL, NULL, '', '1', '2020-09-03 09:29:50', NULL, 1),
(22, 'JOB_22', '2', '1', '1.00', '1200.00', '1', '3', '9', '', 'NORMAL', NULL, NULL, NULL, '', '1', '2020-09-03 10:44:14', NULL, 1),
(23, 'JOB_23', '2', '2', '1.00', '1000.00', '1', '3', '9', '', 'NORMAL', NULL, NULL, NULL, '', '1', '2020-09-03 10:44:14', NULL, 1),
(24, 'JOB_24', '2', '3', '1.00', '0.00', '1', '3', '9', '', 'NORMAL', NULL, NULL, NULL, '', '1', '2020-09-03 10:44:14', NULL, 1),
(25, 'JOB_25', '', '2', '1.00', '1000.00', '4', '3', '1', '', 'NORMAL', NULL, NULL, NULL, '', '1', '2020-09-06 16:53:58', '1970-01-01', 1),
(27, 'JOB_27', '2', '1', '1.00', '1200.00', '31', '4', '15', '', 'NORMAL', '2020-09-06', NULL, NULL, '', '1', '2020-09-06 23:30:23', '2020-09-06', 1),
(28, 'JOB_28', '2', '2', '1.00', '1000.00', '31', '1', '9', '15', 'NORMAL', NULL, NULL, NULL, '', '1', '2020-09-06 23:30:23', NULL, 1),
(29, 'JOB_29', '2', '3', '1.00', '500.00', '31', '0', '15', '', 'NORMAL', NULL, NULL, NULL, '', '1', '2020-09-06 23:30:23', NULL, 0),
(30, 'JOB_30', '2', '4', '1.00', '5000.00', '31', '0', '15', '', 'NORMAL', NULL, NULL, NULL, '', '1', '2020-09-06 23:30:23', NULL, 0),
(31, 'JOB_31', '2', '5', '1.00', '6000.00', '31', '0', '15', '', 'NORMAL', NULL, NULL, NULL, '', '1', '2020-09-06 23:30:23', NULL, 0),
(32, 'JOB_32', '2', '6', '1.00', '7000.00', '31', '0', '15', '', 'NORMAL', NULL, NULL, NULL, '', '1', '2020-09-06 23:30:23', NULL, 0),
(33, 'JOB_33', '2', '7', '1.00', '8000.00', '31', '0', '15', '', 'NORMAL', NULL, NULL, NULL, '', '1', '2020-09-06 23:30:23', NULL, 0),
(34, 'JOB_34', '2', '1', '1.00', '1200.00', '32', '0', '12', '', 'NORMAL', '2020-09-07', '00:19:07', NULL, '', '1', '2020-09-07 00:19:07', NULL, 0),
(35, 'JOB_35', '2', '2', '1.00', '1000.00', '32', '0', '12', '', 'NORMAL', '2020-09-07', '00:19:07', NULL, '', '1', '2020-09-07 00:19:07', NULL, 0),
(36, 'JOB_36', '2', '4', '1.00', '0.00', '32', '0', '12', '', 'NORMAL', '2020-09-07', '00:19:07', NULL, '', '1', '2020-09-07 00:19:07', NULL, 0),
(37, 'JOB_37', '2', '1', '1.00', '1200.00', '33', '0', '9', '', 'NORMAL', '2020-09-23', '09:59:32', NULL, '', '10', '2020-09-23 09:59:32', NULL, 1),
(38, 'JOB_38', '2', '4', '1.00', '10000.00', '34', '0', '11', '', 'NORMAL', '2020-09-23', '10:11:44', NULL, '', '10', '2020-09-23 10:11:44', NULL, 0);

-- --------------------------------------------------------

--
-- Table structure for table `leads`
--

DROP TABLE IF EXISTS `leads`;
CREATE TABLE IF NOT EXISTS `leads` (
  `id` bigint(20) NOT NULL AUTO_INCREMENT,
  `branch` text NOT NULL,
  `lead` text NOT NULL,
  `date` date NOT NULL,
  `customer` text NOT NULL,
  `firm` text NOT NULL,
  `state` text NOT NULL,
  `district` text NOT NULL,
  `city` text NOT NULL,
  `area` text NOT NULL,
  `other_area` text NOT NULL,
  `mobile` text NOT NULL,
  `email` text NOT NULL,
  `services` text NOT NULL,
  `importance` text NOT NULL,
  `remarks` text NOT NULL,
  `next_followup_date` date DEFAULT NULL,
  `tfrom` time DEFAULT NULL,
  `tto` time DEFAULT NULL,
  `source` text NOT NULL,
  `occupation` text NOT NULL,
  `quotation` text NOT NULL,
  `helth_insurance` text NOT NULL,
  `life_insurance` text NOT NULL,
  `languages` text NOT NULL,
  `timing` text NOT NULL,
  `landline` text NOT NULL,
  `owner` text NOT NULL,
  `old_owner` varchar(250) NOT NULL DEFAULT '',
  `additional` text NOT NULL,
  `referal_code` text NOT NULL,
  `dump` text NOT NULL,
  `df` text NOT NULL,
  `status` int(11) NOT NULL DEFAULT 0,
  `fstatus` int(11) NOT NULL DEFAULT 0,
  `dump_remarks` varchar(250) DEFAULT 'empty',
  PRIMARY KEY (`id`)
) ENGINE=MyISAM AUTO_INCREMENT=18 DEFAULT CHARSET=latin1;

--
-- Dumping data for table `leads`
--

INSERT INTO `leads` (`id`, `branch`, `lead`, `date`, `customer`, `firm`, `state`, `district`, `city`, `area`, `other_area`, `mobile`, `email`, `services`, `importance`, `remarks`, `next_followup_date`, `tfrom`, `tto`, `source`, `occupation`, `quotation`, `helth_insurance`, `life_insurance`, `languages`, `timing`, `landline`, `owner`, `old_owner`, `additional`, `referal_code`, `dump`, `df`, `status`, `fstatus`, `dump_remarks`) VALUES
(1, '4', 'Ka_1', '2020-08-05', 'KAVA', '', '1', '', '1', '', '', '9999999999', '', '[[\"1\",\"200\"]]', '', '', '2020-07-01', NULL, NULL, '1', '', '', '', '', '', '', '', '10', '', '', '', '', '', 2, 0, 'empty'),
(2, '2', 'CC_1', '2020-08-05', 'MEHUL KAVA', '', '1', '', '1', '', '', '8375981', 'MEHUL9921@GMAIL.COM,MEHUL9921@GMAIL.COM', '[[\"2\",\"0.00\"]]', '', '', '2020-08-05', NULL, NULL, '5', '', '', '', '', '', '', '', '10', '', '', '', '', '', 2, 0, 'empty'),
(3, '4', 'Ka_2', '2020-08-05', 'KAVA DEVELOPERS', '', '1', '', '1', '', '', '75981', 'MEHUL9921@GMAIL.COM,MEHUL9921@GMAIL.COM', '[[\"1\",\"0.00\"]]', '', '', '2020-08-05', NULL, NULL, '1', '', '', '', '', '', '', '', '10', '', '', '', '', '', 2, 0, 'empty'),
(4, '2', 'CC_2', '2020-08-05', 'ASD', '', '1', '3', '1', '1', '', '8888888888', '', '[[\"1\",\"0.00\"]]', '', '', '2020-08-17', NULL, NULL, '2', '', '', '', '', '', '', '', '10', '', '', '', '', '', 2, 0, 'empty'),
(5, '2', 'CC_3', '2020-08-17', 'MEHUL KAVA', '', '1', '1', '1', '', '', '9898375981', 'MEHUL9921@GMAIL.COM,MEHUL9921@GMAIL.COM', '[[\"1\",\"5000\"]]', 'Medium', '', '2020-08-17', NULL, NULL, '1', '', '', '', '', '', '', '', '10', '', '', '', '', '', 1, 0, 'empty'),
(6, '2', 'CC_4', '2020-08-18', 'MEHUL KAVA', '', '1', '1', '1', '', '', '9898375981', 'MEHUL9921@GMAIL.COM,MEHUL9921@GMAIL.COM', '[[\"1\",\"0.00\"]]', 'Medium', '', '2020-08-21', NULL, NULL, '1', '', '', '', '', '', '', '', '10', '', '', '', '', '', 2, 0, 'empty'),
(7, '3', 'vi_1', '2020-08-19', 'ABC DEF', '', '1', '1', '1', '', '', '1234654644', '', '[[\"1\",\"100\"],[\"2\",\"500\"]]', 'Medium', '', '2020-08-19', NULL, NULL, '3', '', '', '', '', '', '', '', '10', '', '', '', '', '', 1, 0, 'empty'),
(8, '2', 'CC_5', '2020-08-20', 'SADASDSAD', '', '1', '1', '1', '', '', '1235555555', '', '[[\"2\",\"5000\"],[\"2\",\"10000\"]]', 'Medium', '', '2020-08-20', NULL, NULL, '2', '', '', '', '', '', '', '', '10', '', '', '', '', '', 1, 0, 'empty'),
(9, '2', 'CC_6', '2020-08-21', 'MEHUL KAVA', '', '1', '1', '1', '', '', '9898375981', 'MEHUL9921@GMAIL.COM,MEHUL9921@GMAIL.COM', '[[\"2\",\"1000.00\"]]', 'Medium', '', '2020-08-21', NULL, NULL, '3', '', '', '', '', '', '', '', '8', '', '', '', 'yes', '', 0, 0, 'adasdasd'),
(10, '2', 'CC_7', '2020-08-25', 'ADASDAS', '', '1', '1', '1', '', '', '1111111111', '', '[[\"1\",\"1200.00\"]]', 'Medium', '', '2020-08-25', NULL, NULL, '10', '', '', '', '', '', '', '', '10', '', '', '123', '', '', 1, 0, 'empty'),
(11, '2', 'CC_8', '2020-08-30', 'ABC', 'ADASD', '1', '1', '1', '1', '', '9898375981', '', '[[\"2\",\"1000.00\"]]', 'Medium', '', '2020-08-30', NULL, NULL, '10', '', '', '', '', '', '', '', '10', '', '', '', 'yes', '', 0, 0, 'empty'),
(12, '2', 'CC_9', '2020-08-31', 'ABC', '', '1', '1', '1', '', '', '9898989888', '', '[[\"1\",\"1200.00\"]]', 'Medium', '', '2020-09-02', NULL, NULL, '10', '', '', '', '', '', '', '', '10', '', '', '', '', '', 1, 0, 'empty'),
(13, '2', 'CC_10', '2020-09-03', 'AAAAA', '', '1', '1', '1', '', '', '9898375981', '', '[[\"1\",\"1200.00\"],[\"2\",\"1000.00\"],[\"3\",\"500\"],[\"4\",\"5000\"],[\"5\",\"6000\"],[\"6\",\"7000\"],[\"7\",\"8000\"]]', 'Medium', '', '2020-09-06', NULL, NULL, '1', '', '', '', '', '', '', '', '10', '', '', '', '', '', 1, 0, 'empty'),
(14, '2', 'HE_11', '2020-09-06', 'ABC', '', '1', '1', '1', '', '', '9595959595,5658889999', '', '[[\"1\",\"1200.00\"],[\"2\",\"1000.00\"],[\"4\",\"0.00\"]]', 'Medium', '', '2020-09-07', NULL, NULL, '2', '', '', '', '', '', '', '', '13', '10', '', '', '', '', 2, 0, 'empty'),
(15, '2', 'HE_12', '2020-09-06', 'A', '', '1', '1', '1', '', '', '8888888888', '', '[[\"1\",\"1200.00\"]]', 'Medium', '', '2020-09-23', NULL, NULL, '3', '', '', '', '', '', '', '', '10', '', '', '', '', '', 1, 0, 'empty'),
(16, '2', 'HE_13', '2020-09-07', 'LEAD', '', '1', '1', '1', '', '', '8888888888', '', '[[\"4\",\"10000\"]]', 'Medium', '', '2020-09-23', NULL, NULL, '2', '', '', '', '', '', '', '', '10', '', '', '', '', '', 1, 0, 'empty'),
(17, '2', 'HE_14', '2020-09-23', 'ADADSA', '', '1', '1', '1', '', '', '1234564646', '', '[[\"1\",\"1200.00\"]]', 'Medium', '', '2020-09-23', NULL, NULL, '10', '', '', '', '', '', '', '', '10', '', '', '', 'yes', '', 0, 0, 'yes');

-- --------------------------------------------------------

--
-- Table structure for table `newjob`
--

DROP TABLE IF EXISTS `newjob`;
CREATE TABLE IF NOT EXISTS `newjob` (
  `id` int(11) NOT NULL AUTO_INCREMENT,
  `branch` text NOT NULL,
  `client` text NOT NULL,
  `service` text NOT NULL,
  `price` decimal(40,2) NOT NULL,
  `owner` text NOT NULL,
  `fdate` date DEFAULT NULL,
  `from` time DEFAULT NULL,
  `to` time DEFAULT NULL,
  `remarks` text NOT NULL,
  `status` int(11) NOT NULL DEFAULT 0 COMMENT '0 = active,1 = done,2 = dump',
  `fstatus` int(11) NOT NULL DEFAULT 0,
  `created_at` datetime NOT NULL,
  `created_by` text NOT NULL,
  PRIMARY KEY (`id`)
) ENGINE=MyISAM AUTO_INCREMENT=3 DEFAULT CHARSET=latin1;

--
-- Dumping data for table `newjob`
--

INSERT INTO `newjob` (`id`, `branch`, `client`, `service`, `price`, `owner`, `fdate`, `from`, `to`, `remarks`, `status`, `fstatus`, `created_at`, `created_by`) VALUES
(1, '2', '1', '[[\"1\",\"1200.00\"],[\"2\",\"1000.00\"],[\"3\",\"0.00\"]]', '0.00', '1', NULL, NULL, NULL, '', 1, 0, '2020-09-03 10:14:11', '1'),
(2, '2', '4', '[[\"1\",\"1200.00\"]]', '0.00', '1', '2020-09-06', NULL, NULL, '', 0, 0, '2020-09-06 16:20:01', '1');

-- --------------------------------------------------------

--
-- Table structure for table `payment`
--

DROP TABLE IF EXISTS `payment`;
CREATE TABLE IF NOT EXISTS `payment` (
  `id` bigint(20) NOT NULL AUTO_INCREMENT,
  `date` date NOT NULL,
  `invoice` text NOT NULL,
  `client` text NOT NULL,
  `branch` text NOT NULL,
  `company` text NOT NULL,
  `amount` decimal(40,2) NOT NULL,
  `pay_type` text NOT NULL,
  `pay_remarks` text NOT NULL,
  `remarks` text NOT NULL,
  `status` int(11) NOT NULL DEFAULT 0,
  `created_by` text NOT NULL,
  `created_at` datetime NOT NULL,
  PRIMARY KEY (`id`)
) ENGINE=MyISAM AUTO_INCREMENT=5 DEFAULT CHARSET=latin1;

--
-- Dumping data for table `payment`
--

INSERT INTO `payment` (`id`, `date`, `invoice`, `client`, `branch`, `company`, `amount`, `pay_type`, `pay_remarks`, `remarks`, `status`, `created_by`, `created_at`) VALUES
(1, '2020-08-05', 'CCI_PAY_1', '1', '4', '1', '10000.00', 'Cash', 'asdasd', '', 1, '1', '2020-08-05 20:05:15'),
(2, '2020-07-01', 'CCI_PAY_2', '1', '4', '1', '10000.00', 'Bank', 'dasdasd', 'dasdadsad', 1, '1', '2020-08-25 16:54:17'),
(3, '2020-08-31', 'CCI_PAY_3', '1', '4', '1', '10000.00', 'Cash', '123', 'adsad', 1, '10', '2020-08-31 22:01:21');

-- --------------------------------------------------------

--
-- Table structure for table `reimbursement`
--

DROP TABLE IF EXISTS `reimbursement`;
CREATE TABLE IF NOT EXISTS `reimbursement` (
  `id` int(11) NOT NULL AUTO_INCREMENT,
  `date` date NOT NULL,
  `invoice` text NOT NULL,
  `client` text NOT NULL,
  `branch` text NOT NULL,
  `company` text NOT NULL,
  `particular` text NOT NULL,
  `amount` decimal(40,2) NOT NULL,
  `created_by` text NOT NULL,
  `created_at` datetime NOT NULL,
  `df` varchar(10) NOT NULL,
  PRIMARY KEY (`id`)
) ENGINE=MyISAM AUTO_INCREMENT=4 DEFAULT CHARSET=latin1;

--
-- Dumping data for table `reimbursement`
--

INSERT INTO `reimbursement` (`id`, `date`, `invoice`, `client`, `branch`, `company`, `particular`, `amount`, `created_by`, `created_at`, `df`) VALUES
(1, '2020-09-01', '', '1', '4', '1', 'asdasdsadsad', '120.00', '1', '2020-09-01 18:18:41', 'yes'),
(2, '2020-09-03', '', '2', '2', '1', 'ABCC', '1200.00', '1', '2020-09-01 18:30:28', ''),
(3, '2020-10-06', 'REIM_3', '1', '4', '1', 'RGT', '200.00', '1', '2020-10-04 10:16:00', '');

-- --------------------------------------------------------

--
-- Table structure for table `services`
--

DROP TABLE IF EXISTS `services`;
CREATE TABLE IF NOT EXISTS `services` (
  `id` int(11) NOT NULL AUTO_INCREMENT,
  `name` text NOT NULL,
  `weight` text NOT NULL,
  `time` text NOT NULL,
  `price` decimal(40,2) NOT NULL,
  `renual` text NOT NULL,
  `df` text NOT NULL,
  PRIMARY KEY (`id`)
) ENGINE=MyISAM AUTO_INCREMENT=53 DEFAULT CHARSET=latin1;

--
-- Dumping data for table `services`
--

INSERT INTO `services` (`id`, `name`, `weight`, `time`, `price`, `renual`, `df`) VALUES
(1, 'IT RETURN FOR BUSINESS', '7', '30', '1200.00', '10', ''),
(2, 'IT RETURN FOR SALARIED', '7', '15', '1000.00', '1', ''),
(3, 'IT RETURN FOR OTHER INCOME', '7', '30', '0.00', '', ''),
(4, 'TDS RETURN FILLLING', '6', '30', '0.00', '', ''),
(5, 'PAN APPLICATION', '4', '15', '0.00', '', ''),
(6, 'TAN APPLICATION', '4', '15', '0.00', '', ''),
(7, 'GST REGISTRATION', '7', '30', '0.00', '', ''),
(8, 'GST RETURN FILLING', '5', '20', '0.00', '', ''),
(9, 'E-WAY BILL', '5', '15', '0.00', '', ''),
(10, 'GST REFUND', '7', '30', '0.00', '', ''),
(11, 'GST LUT FILLING', '7', '30', '0.00', '', ''),
(12, 'GST CANCELLATION OF REGISTRATION', '7', '30', '0.00', '', ''),
(13, 'ACCOUNTING', '7', '30', '0.00', '', ''),
(14, 'AUDITING', '7', '30', '0.00', '', ''),
(15, 'FSSAI REGISTRATION', '7', '20', '0.00', '', ''),
(16, 'PF & ESIC', '7', '30', '0.00', '', ''),
(17, 'TRADEMARK', '7', '60', '0.00', '', ''),
(18, 'BAR CODE REGISTRATION', '7', '30', '0.00', '', ''),
(19, 'ISO CERTIFICATION', '9', '60', '0.00', '', ''),
(20, 'MSME REGISTRATION', '6', '30', '0.00', '', ''),
(21, 'SUBSIDY', '7', '60', '0.00', '', ''),
(22, 'SHOP & ESTABLISHMENT REGISTRATION', '6', '30', '0.00', '', ''),
(23, 'ROC FILLING', '7', '30', '0.00', '', ''),
(24, 'IMPORT EXPORT CODE', '7', '30', '0.00', '', ''),
(25, 'APEDA REGISTRATION', '7', '30', '0.00', '', ''),
(26, 'FIEO REGISTRATION', '7', '30', '0.00', '', ''),
(27, 'NSIC REGISTRATION', '7', '30', '0.00', '', ''),
(28, 'ISBN REGISTRATION', '7', '30', '0.00', '', ''),
(29, 'DIGITAL SIGNATURE CERTIFICATE', '7', '30', '0.00', '', ''),
(30, 'RERA REGISTRATION', '7', '30', '0.00', '', ''),
(31, 'GeM REGISTRATION', '7', '30', '0.00', '', ''),
(32, 'CREDIT REPORT SERVICES', '7', '30', '0.00', '', ''),
(33, 'LIFE INSURANCE', '7', '30', '0.00', '', ''),
(34, 'HEALTH INSURANCE', '9', '30', '0.00', '', ''),
(35, 'VEHICLE INSURANCE', '8', '60', '0.00', '', ''),
(36, 'OTHER GENERAL INSURANCE', '8', '60', '0.00', '', ''),
(37, 'INVESTMENTS', '7', '60', '0.00', '', ''),
(38, 'PARTNERSHIP FIRM REGISTRATION', '8', '60', '0.00', '', ''),
(39, 'LLP REGISTRATION', '8', '60', '0.00', '', ''),
(40, 'OPC REGISTRATION', '8', '30', '0.00', '', ''),
(41, 'COMPANY REGISTRATION', '8', '30', '0.00', '', ''),
(42, 'STARTUP INDIA REGISTRATION', '9', '60', '0.00', '', ''),
(43, 'BUSINESS CONSULTATION', '10', '120', '0.00', '', ''),
(44, 'KPO', '10', '60', '0.00', '', ''),
(45, 'PROJECT FINANCE', '9', '90', '0.00', '', ''),
(46, 'HOME LOAN', '8', '90', '0.00', '', ''),
(47, 'MORTGAGE LOAN', '8', '60', '0.00', '', ''),
(48, 'BUSINESS LOAN', '8', '60', '0.00', '', ''),
(49, 'PERSONAL LOAN', '7', '90', '0.00', '', ''),
(50, 'Sample', '3', '100', '500.00', '', ''),
(51, 'Sampel', '12', '100', '1000.00', '12', ''),
(52, 'asdasdsad', '011', '12', '1200.00', '10', '');

-- --------------------------------------------------------

--
-- Table structure for table `setting`
--

DROP TABLE IF EXISTS `setting`;
CREATE TABLE IF NOT EXISTS `setting` (
  `id` int(11) NOT NULL AUTO_INCREMENT,
  `name` text NOT NULL,
  `ref_amount` text NOT NULL,
  `cunstruction` int(11) NOT NULL DEFAULT 0,
  PRIMARY KEY (`id`)
) ENGINE=MyISAM AUTO_INCREMENT=2 DEFAULT CHARSET=latin1;

--
-- Dumping data for table `setting`
--

INSERT INTO `setting` (`id`, `name`, `ref_amount`, `cunstruction`) VALUES
(1, 'CCI', '3', 0);

-- --------------------------------------------------------

--
-- Table structure for table `sold_services`
--

DROP TABLE IF EXISTS `sold_services`;
CREATE TABLE IF NOT EXISTS `sold_services` (
  `id` bigint(20) NOT NULL AUTO_INCREMENT,
  `client` text NOT NULL,
  `service` text NOT NULL,
  `user` text NOT NULL,
  `created_at` datetime NOT NULL,
  PRIMARY KEY (`id`)
) ENGINE=MyISAM AUTO_INCREMENT=3 DEFAULT CHARSET=latin1;

--
-- Dumping data for table `sold_services`
--

INSERT INTO `sold_services` (`id`, `client`, `service`, `user`, `created_at`) VALUES
(1, '33', '1', '10', '2020-09-23 09:59:32'),
(2, '34', '4', '10', '2020-09-23 10:11:44');

-- --------------------------------------------------------

--
-- Table structure for table `source`
--

DROP TABLE IF EXISTS `source`;
CREATE TABLE IF NOT EXISTS `source` (
  `id` int(11) NOT NULL AUTO_INCREMENT,
  `name` text NOT NULL,
  `company` text NOT NULL,
  `df` text NOT NULL,
  PRIMARY KEY (`id`)
) ENGINE=MyISAM AUTO_INCREMENT=17 DEFAULT CHARSET=latin1;

--
-- Dumping data for table `source`
--

INSERT INTO `source` (`id`, `name`, `company`, `df`) VALUES
(1, 'SMS', '1', ''),
(2, 'Phone Call', '1', ''),
(3, 'Sulekha', '1', ''),
(4, 'JD', '1', ''),
(5, 'GGL', '1', ''),
(6, 'FB', '1', ''),
(7, 'WA', '1', ''),
(8, 'WEB', '1', ''),
(9, 'V\'SIR', '1', ''),
(10, 'Sales Person', '1', ''),
(11, 'ANJANABEN', '1', ''),
(12, 'AMIT PAREKH', '1', ''),
(13, 'AMRUT AMBALIYA', '1', ''),
(14, 'VICKY MODI', '1', ''),
(15, 'RANJAN PARMAR', '1', '');

-- --------------------------------------------------------

--
-- Table structure for table `sub_industry`
--

DROP TABLE IF EXISTS `sub_industry`;
CREATE TABLE IF NOT EXISTS `sub_industry` (
  `id` int(11) NOT NULL AUTO_INCREMENT,
  `name` text NOT NULL,
  `industry` text NOT NULL,
  `df` text NOT NULL,
  PRIMARY KEY (`id`)
) ENGINE=MyISAM AUTO_INCREMENT=147 DEFAULT CHARSET=latin1;

--
-- Dumping data for table `sub_industry`
--

INSERT INTO `sub_industry` (`id`, `name`, `industry`, `df`) VALUES
(1, 'KIRANA', '1', ''),
(2, 'BARTAN', '1', ''),
(3, 'READYMADE GARMENTS', '1', ''),
(4, 'CLOTHS', '1', ''),
(5, 'SPARE PARTS', '1', ''),
(6, 'MARBELES TILES', '1', ''),
(7, 'ELECTRONICS ITEMS', '1', ''),
(8, 'MOBILE SHOP', '1', ''),
(9, 'CHEMICALS', '1', ''),
(10, 'STOCK MARKETS', '1', ''),
(11, 'HARDWARE', '1', ''),
(12, 'PHARMACEUTICAL', '1', ''),
(13, 'GLASS WORK', '1', ''),
(14, 'HOME DECORE', '1', ''),
(15, 'FURNITURE', '1', ''),
(16, 'STEEL', '1', ''),
(17, 'PLASTIC', '1', ''),
(18, 'FARM PRODUCTS', '1', ''),
(19, 'COSMETICS', '1', ''),
(20, 'MACHINES', '1', ''),
(21, 'JWELLERS', '1', ''),
(22, 'SEASONABLE PRODUCTS', '1', ''),
(23, 'GIFT SHOP', '1', ''),
(24, 'SCRAP', '1', ''),
(25, 'TEA REPACKER', '1', ''),
(26, 'HOUSE HOLD GOODS', '1', ''),
(27, 'CAR ACCESORIES', '1', ''),
(28, 'GRUH UDHYOG', '1', ''),
(29, 'BAKERY PRODUCT', '1', ''),
(30, 'GENERAL STORE', '1', ''),
(31, 'FOOD PROCESSING', '1', ''),
(32, 'DAIRY PARLOR', '1', ''),
(33, 'OTHER', '1', ''),
(34, 'KIRANA', '2', ''),
(35, 'BARTAN', '2', ''),
(36, 'READYMADE GARMENTS', '2', ''),
(37, 'CLOTHS', '2', ''),
(38, 'SPARE PARTS', '2', ''),
(39, 'MARBELES TILES', '2', ''),
(40, 'ELECTRONICS ITEMS', '2', ''),
(41, 'MOBILE SHOP', '2', ''),
(42, 'CHEMICALS', '2', ''),
(43, 'STOCK MARKETS', '2', ''),
(44, 'HARDWARE', '2', ''),
(45, 'PHARMACEUTICAL', '2', ''),
(46, 'GLASS WORK', '2', ''),
(47, 'HOME DECORE', '2', ''),
(48, 'FURNITURE', '2', ''),
(49, 'STEEL', '2', ''),
(50, 'PLASTIC', '2', ''),
(51, 'FARM PRODUCTS', '2', ''),
(52, 'COSMETICS', '2', ''),
(53, 'MACHINES', '2', ''),
(54, 'JWELLERS', '2', ''),
(55, 'SEASONABLE PRODUCTS', '2', ''),
(56, 'GIFT SHOP', '2', ''),
(57, 'SCRAP', '2', ''),
(58, 'TEA REPACKER', '2', ''),
(59, 'HOUSE HOLD GOODS', '2', ''),
(60, 'CAR ACCESORIES', '2', ''),
(61, 'GRUH UDHYOG', '2', ''),
(62, 'BAKERY PRODUCT', '2', ''),
(63, 'GENERAL STORE', '2', ''),
(64, 'FOOD PROCESSING', '2', ''),
(65, 'DAIRY PARLOR', '2', ''),
(66, 'OTHER', '2', ''),
(67, 'KIRANA', '3', ''),
(68, 'BARTAN', '3', ''),
(69, 'READYMADE GARMENTS', '3', ''),
(70, 'CLOTHS', '3', ''),
(71, 'SPARE PARTS', '3', ''),
(72, 'MARBELES TILES', '3', ''),
(73, 'ELECTRONICS ITEMS', '3', ''),
(74, 'MOBILE SHOP', '3', ''),
(75, 'CHEMICALS', '3', ''),
(76, 'HARDWARE', '3', ''),
(77, 'PHARMACEUTICAL', '3', ''),
(78, 'GLASS WORK', '3', ''),
(79, 'HOME DECORE', '3', ''),
(80, 'FURNITURE', '3', ''),
(81, 'STEEL', '3', ''),
(82, 'PLASTIC', '3', ''),
(83, 'FARM PRODUCTS', '3', ''),
(84, 'COSMETICS', '3', ''),
(85, 'MACHINES', '3', ''),
(86, 'JWELLERS', '3', ''),
(87, 'SEASONABLE PRODUCTS', '3', ''),
(88, 'GIFT SHOP', '3', ''),
(89, 'SCRAP', '3', ''),
(90, 'TEA REPACKER', '3', ''),
(91, 'HOUSE HOLD GOODS', '3', ''),
(92, 'CAR ACCESORIES', '3', ''),
(93, 'GRUH UDHYOG', '3', ''),
(94, 'BAKERY PRODUCT', '3', ''),
(95, 'GENERAL STORE', '3', ''),
(96, 'FOOD PROCESSING', '3', ''),
(97, 'DAIRY PARLOR', '3', ''),
(98, 'OTHER', '3', ''),
(99, 'ADVOCATE', '4', ''),
(100, 'MANPOWER SUPPLY', '4', ''),
(101, 'IT SERVICES', '4', ''),
(102, 'DOCTORS', '4', ''),
(103, 'ENGINEER', '4', ''),
(104, 'ARCGITECTURE / INTERIOR', '4', ''),
(105, 'BARBER SHOP', '4', ''),
(106, 'JOB WORK', '4', ''),
(107, 'RENT-A-CAB / TAXI', '4', ''),
(108, 'PRINTING (JOBWORK)', '4', ''),
(109, 'CALL CENTER', '4', ''),
(110, 'KPO/BPO', '4', ''),
(111, 'SHARAFI', '4', ''),
(112, 'ARTS AND FILMS', '4', ''),
(113, 'COMMISSION AGENT', '4', ''),
(114, 'RADIO AND T.V ANCHOR', '4', ''),
(115, 'RESTAURANT', '4', ''),
(116, 'FABRICATION', '4', ''),
(117, 'RENTAL BUSSINESS', '4', ''),
(118, 'STITCHING WORK', '4', ''),
(119, 'PLUMBING', '4', ''),
(120, 'ELECTRICIAN', '4', ''),
(121, 'TOURS AND TRAVLES', '4', ''),
(122, 'TRANNING AND EDUCATION', '4', ''),
(123, 'DESINGING', '4', ''),
(124, 'REPAIR AND MAINATANACE', '4', ''),
(125, 'HOUSEKEEPING SERVICE', '4', ''),
(126, 'ACCOUNTING', '4', ''),
(127, 'CONTACTOR', '4', ''),
(128, 'CARPENTOR / FURNITURE', '4', ''),
(129, 'STOCK BROKER', '4', ''),
(130, 'BROKER', '4', ''),
(131, 'CONSTRUCTION', '4', ''),
(132, 'ADVERTISING & PROMOTION', '4', ''),
(133, 'COLOUR CONTRACTOR', '4', ''),
(134, 'LOUNDRY', '4', ''),
(135, 'CATERER', '4', ''),
(136, 'MANDAP KEEPER', '4', ''),
(137, 'TAILORING', '4', ''),
(138, 'GENERAL', '4', ''),
(139, 'GRAPHIC DESIGNER', '4', ''),
(140, 'INSURANCE AGENT', '4', ''),
(141, 'PHOTOGRAPHER', '4', ''),
(142, 'CONSULTANCY', '4', ''),
(143, 'GARAGE', '4', ''),
(144, 'TUITION CLASSES', '4', ''),
(145, 'BEAUTY PARLOR', '4', ''),
(146, 'OTHER', '4', '');

-- --------------------------------------------------------

--
-- Table structure for table `task`
--

DROP TABLE IF EXISTS `task`;
CREATE TABLE IF NOT EXISTS `task` (
  `id` int(11) NOT NULL AUTO_INCREMENT,
  `from` text NOT NULL,
  `to` text NOT NULL,
  `name` text NOT NULL,
  `date` date NOT NULL,
  `from_reply` int(11) NOT NULL DEFAULT 0,
  `to_reply` int(11) NOT NULL DEFAULT 0,
  `done` int(11) NOT NULL DEFAULT 0,
  PRIMARY KEY (`id`)
) ENGINE=MyISAM AUTO_INCREMENT=13 DEFAULT CHARSET=latin1;

--
-- Dumping data for table `task`
--

INSERT INTO `task` (`id`, `from`, `to`, `name`, `date`, `from_reply`, `to_reply`, `done`) VALUES
(2, '1', '10', 'sadad', '2020-08-19', 0, 0, 1),
(4, '1', '10', 'asdasd', '2020-08-20', 0, 0, 0),
(5, '1', '10', '', '2020-08-21', 0, 0, 0),
(6, '1', '10', 'HELLO', '2020-08-21', 0, 0, 0),
(7, '1', '8', 'TRAVEXA KE BILLS SENT KIYE HE MAIL ME LAST KE, GST LIABILITY CHECK KARNI HE USME', '2020-08-21', 0, 0, 0),
(8, '1', '9', 'ASDASDASD', '2020-09-03', 0, 0, 0),
(9, '1', '8', 'ASDASDSD', '2020-09-03', 0, 0, 0),
(10, '1', '10', 'ACC', '2020-09-03', 0, 0, 0),
(11, '1', '9', 'AAAA', '2020-09-03', 0, 0, 0),
(12, '9', '10', 'ASDASD', '2020-09-26', 0, 0, 0);

-- --------------------------------------------------------

--
-- Table structure for table `task_reply`
--

DROP TABLE IF EXISTS `task_reply`;
CREATE TABLE IF NOT EXISTS `task_reply` (
  `id` bigint(20) NOT NULL AUTO_INCREMENT,
  `from` text NOT NULL,
  `to` text NOT NULL,
  `desc` text NOT NULL,
  `read` int(11) NOT NULL DEFAULT 0,
  `task` text NOT NULL,
  PRIMARY KEY (`id`)
) ENGINE=MyISAM AUTO_INCREMENT=14 DEFAULT CHARSET=latin1;

--
-- Dumping data for table `task_reply`
--

INSERT INTO `task_reply` (`id`, `from`, `to`, `desc`, `read`, `task`) VALUES
(1, '1', '10', 'New Task For You', 1, '2'),
(2, '1', '10', 'asasddsa', 1, '2'),
(3, '10', '1', 'Ok LL CHECK\r\n', 1, '2'),
(4, '1', '10', 'DADASD', 1, '2'),
(5, '1', '10', 'NEW TASK FOR YOU', 1, '4'),
(6, '1', '10', 'NEW TASK FOR YOU', 0, '5'),
(7, '1', '10', 'NEW TASK FOR YOU', 1, '6'),
(8, '1', '8', 'NEW TASK FOR YOU', 0, '7'),
(9, '1', '9', 'NEW TASK FOR YOU', 0, '8'),
(10, '1', '8', 'NEW TASK FOR YOU', 0, '9'),
(11, '1', '10', 'NEW TASK FOR YOU', 0, '10'),
(12, '1', '9', 'NEW TASK FOR YOU', 0, '11'),
(13, '9', '10', 'NEW TASK FOR YOU', 0, '12');

-- --------------------------------------------------------

--
-- Table structure for table `todo`
--

DROP TABLE IF EXISTS `todo`;
CREATE TABLE IF NOT EXISTS `todo` (
  `id` bigint(20) NOT NULL AUTO_INCREMENT,
  `to` text NOT NULL,
  `from` text NOT NULL,
  `remarks` text NOT NULL,
  `date` date NOT NULL,
  `ftime` time DEFAULT NULL,
  `ttime` time DEFAULT NULL,
  `status` int(11) NOT NULL DEFAULT 0,
  `fstatus` int(11) NOT NULL DEFAULT 0,
  PRIMARY KEY (`id`)
) ENGINE=MyISAM AUTO_INCREMENT=4 DEFAULT CHARSET=latin1;

--
-- Dumping data for table `todo`
--

INSERT INTO `todo` (`id`, `to`, `from`, `remarks`, `date`, `ftime`, `ttime`, `status`, `fstatus`) VALUES
(1, '1', '1', 'dasdasd', '2020-08-30', NULL, NULL, 0, 0),
(2, '1', '1', 'asdasd', '2020-08-30', NULL, NULL, 0, 0),
(3, '1', '1', 'sdads', '2020-08-31', '10:00:00', '20:20:00', 0, 1);

-- --------------------------------------------------------

--
-- Table structure for table `transaction`
--

DROP TABLE IF EXISTS `transaction`;
CREATE TABLE IF NOT EXISTS `transaction` (
  `id` bigint(20) NOT NULL AUTO_INCREMENT,
  `type` text NOT NULL COMMENT '1 = invoice,2 = payment',
  `client` text NOT NULL,
  `date` date NOT NULL,
  `main` text NOT NULL,
  `debit` decimal(40,2) NOT NULL,
  `credit` decimal(40,2) NOT NULL,
  PRIMARY KEY (`id`)
) ENGINE=MyISAM AUTO_INCREMENT=33 DEFAULT CHARSET=latin1;

--
-- Dumping data for table `transaction`
--

INSERT INTO `transaction` (`id`, `type`, `client`, `date`, `main`, `debit`, `credit`) VALUES
(1, '1', '1', '2020-08-05', '1', '200.00', '0.00'),
(2, '2', '1', '2020-08-05', '1', '0.00', '10000.00'),
(3, '1', '3', '2020-01-17', '2', '5510.01', '0.00'),
(4, '1', '4', '2020-08-17', '3', '6600.00', '0.00'),
(5, '2', '1', '2020-07-01', '2', '0.00', '10000.00'),
(6, '1', '1', '2020-07-25', '4', '100000.00', '0.00'),
(7, '1', '1', '2020-08-25', '5', '5000.00', '0.00'),
(8, '1', '1', '2020-07-01', '1', '0.00', '0.00'),
(9, '1', '4', '2020-08-31', '6', '120.00', '0.00'),
(10, '1', '6', '2020-08-31', '7', '100.00', '0.00'),
(11, '1', '6', '2020-08-31', '8', '500.00', '0.00'),
(12, '1', '1', '2020-08-31', '9', '100.00', '0.00'),
(13, '1', '7', '2020-08-31', '10', '5000.00', '0.00'),
(14, '1', '2', '2020-08-31', '11', '1200.00', '0.00'),
(15, '1', '9', '2020-08-31', '12', '1200.00', '0.00'),
(16, '1', '7', '2020-08-31', '13', '10000.00', '0.00'),
(17, '1', '8', '2020-08-31', '14', '120.00', '0.00'),
(18, '1', '1', '2020-08-31', '15', '1200.00', '0.00'),
(19, '2', '1', '2020-08-31', '3', '0.00', '10000.00'),
(31, '1', '31', '2020-09-06', '16', '1200.00', '0.00'),
(28, '4', '1', '2020-09-01', '0', '150.00', '0.00'),
(30, '5', '2', '2020-09-03', '2', '1200.00', '0.00'),
(32, '5', '1', '2020-10-06', '3', '200.00', '0.00');

-- --------------------------------------------------------

--
-- Table structure for table `transaction_petty_cash`
--

DROP TABLE IF EXISTS `transaction_petty_cash`;
CREATE TABLE IF NOT EXISTS `transaction_petty_cash` (
  `id` bigint(20) NOT NULL AUTO_INCREMENT,
  `user` text NOT NULL,
  `remarks` text NOT NULL,
  `debit` decimal(40,2) NOT NULL,
  `credit` decimal(40,2) NOT NULL,
  `date` date NOT NULL,
  PRIMARY KEY (`id`)
) ENGINE=MyISAM AUTO_INCREMENT=7 DEFAULT CHARSET=latin1;

--
-- Dumping data for table `transaction_petty_cash`
--

INSERT INTO `transaction_petty_cash` (`id`, `user`, `remarks`, `debit`, `credit`, `date`) VALUES
(1, '16', 'Credited amount', '0.00', '120.00', '2020-09-24'),
(3, '16', 'ok', '10.00', '0.00', '2020-09-17'),
(4, '16', 'hhh', '12.00', '0.00', '2020-09-27'),
(5, '16', 'ok', '500.00', '0.00', '2020-09-27'),
(6, '16', 'debi', '200.00', '0.00', '2020-09-23');

-- --------------------------------------------------------

--
-- Table structure for table `user`
--

DROP TABLE IF EXISTS `user`;
CREATE TABLE IF NOT EXISTS `user` (
  `id` bigint(20) NOT NULL AUTO_INCREMENT,
  `user_type` text NOT NULL COMMENT '0 = super admin,1 = admin,2 = back office,3 = sales person',
  `branch` text NOT NULL,
  `name` text NOT NULL,
  `username` text NOT NULL,
  `password` text NOT NULL,
  `email` text NOT NULL,
  `mobile` text NOT NULL,
  `gender` text NOT NULL,
  `type` text NOT NULL,
  `sidebar_isopen` tinyint(1) NOT NULL DEFAULT 1,
  `df` text NOT NULL,
  PRIMARY KEY (`id`)
) ENGINE=MyISAM AUTO_INCREMENT=23 DEFAULT CHARSET=latin1;

--
-- Dumping data for table `user`
--

INSERT INTO `user` (`id`, `user_type`, `branch`, `name`, `username`, `password`, `email`, `mobile`, `gender`, `type`, `sidebar_isopen`, `df`) VALUES
(1, '0', '', 'Super User', 'admin', '21232f297a57a5a743894a0e4a801fc3', 'kavadevelopers@gmail.com', '9898375981', 'Male', '', 1, ''),
(10, '3', '2', 'sales', 'sales', '21232f297a57a5a743894a0e4a801fc3', 'Email@gmail.com', '9898989898', 'Male', '1', 1, ''),
(9, '2', '2', 'Mehul', 'mehul', '21232f297a57a5a743894a0e4a801fc3', 'Email@gmail.com', '9898989898', 'Female', '', 1, ''),
(8, '1', '2', 'Sample', 'sample', '21232f297a57a5a743894a0e4a801fc3', 'Email@gmail.com', '9898989898', 'Male', '', 1, ''),
(11, '2', '2', 'Manager', 'manager', '21232f297a57a5a743894a0e4a801fc3', 'Email@gmail.com', '9898989898', 'Male', '1', 1, ''),
(12, '2', '2', 'asdasd', 'asdasd', '21232f297a57a5a743894a0e4a801fc3', 'mehul9921@gmail.com', '9898375981', 'Male', '2', 1, ''),
(13, '3', '2', 'Mehul Kava', 'asdasdsad', '21232f297a57a5a743894a0e4a801fc3', 'mehul9921@gmail.com', '9898375981', 'Female', '2', 1, ''),
(14, '2', '2', 'ABC', '123456', '21232f297a57a5a743894a0e4a801fc3', 'Email@gmail.com', '9999999991', 'Male', '2', 1, ''),
(15, '2', '2', 'Managet', '1234567', '21232f297a57a5a743894a0e4a801fc3', 'Email@gmail.com', '8521234568', 'Male', '1', 1, ''),
(16, '3', '2', 'admin', 'admintele', '21232f297a57a5a743894a0e4a801fc3', 'Email@gmail.com', '9898375981', 'Male', '4', 1, ''),
(17, '1', '2', 'Sample Admin', 'Adminaaa', '21232f297a57a5a743894a0e4a801fc3', 'Email@gmail.comb', '9898375986', 'Male', '', 1, ''),
(18, '1', '2', 'AHMEDABAD', 'mortin', '21232f297a57a5a743894a0e4a801fc3', 'Email@gmail.comAs', '8855662255', 'Male', '', 1, ''),
(19, '1', '2', 'Mehul Kava', 'mortina', '21232f297a57a5a743894a0e4a801fc3', 'mehul9921@gmail.com', '9898375981', 'Male', '', 1, ''),
(20, '2', '2', 'Kava Dev', 'backDeve', '21232f297a57a5a743894a0e4a801fc3', 'Email@gmail.coma', '6622335588', 'Male', '1', 1, ''),
(21, '2', '2', 'Mehul Kava', 'aaaasdsd', '21232f297a57a5a743894a0e4a801fc3', 'mehul9921@gmail.com', '9898375981', 'Male', '1', 1, ''),
(22, '3', '2', 'Mehul Kava', 'admin12', '21232f297a57a5a743894a0e4a801fc3', 'mehul9921@gmail.com', '9898375981', 'Male', '1', 1, '');

-- --------------------------------------------------------

--
-- Table structure for table `user_details`
--

DROP TABLE IF EXISTS `user_details`;
CREATE TABLE IF NOT EXISTS `user_details` (
  `id` int(11) NOT NULL AUTO_INCREMENT,
  `alternet_mobile` text NOT NULL,
  `urgent_mobile` text NOT NULL,
  `address` text NOT NULL,
  `alternet_address` text NOT NULL,
  `blood_group` text NOT NULL,
  `agreement_remarks` text NOT NULL,
  `photo` text NOT NULL,
  `agreement` text NOT NULL,
  `user` text NOT NULL,
  PRIMARY KEY (`id`)
) ENGINE=MyISAM AUTO_INCREMENT=7 DEFAULT CHARSET=latin1;

--
-- Dumping data for table `user_details`
--

INSERT INTO `user_details` (`id`, `alternet_mobile`, `urgent_mobile`, `address`, `alternet_address`, `blood_group`, `agreement_remarks`, `photo`, `agreement`, `user`) VALUES
(1, 'Alt. Mobiles', 'Urgent Mobiles', 'Address', 'Alt. Address', 'A+', '0', '0', '', '17'),
(2, '5566225566', '', '', '', '', '', '1601814172.533.png', '1601814172.5375.docx', '18'),
(3, '', '', '19 harivansh socity', '19 harivansh socity', '', '', '', '1601791873.4698.docx', '19'),
(4, '4', '5', '6', '7', 'B+', '8', '', '', '20'),
(5, '', '', '19 harivansh socity', '19 harivansh socity', '', '', '1601817092.3207.png', '1601817302.4071.docx', '21'),
(6, '9898375981', '1231321321', '19 harivansh socity', '19 harivansh socity', 'ad', 'adasdasd', '1601819027.3034.png', '1601819152.6819.pdf', '22');

-- --------------------------------------------------------

--
-- Table structure for table `vendor_list`
--

DROP TABLE IF EXISTS `vendor_list`;
CREATE TABLE IF NOT EXISTS `vendor_list` (
  `id` int(11) NOT NULL AUTO_INCREMENT,
  `name` text NOT NULL,
  `category` text NOT NULL,
  `mobile` text NOT NULL,
  `address` text NOT NULL,
  `remarks` text NOT NULL,
  `created_by` text NOT NULL,
  `created_at` datetime NOT NULL,
  PRIMARY KEY (`id`)
) ENGINE=MyISAM DEFAULT CHARSET=latin1;
COMMIT;

/*!40101 SET CHARACTER_SET_CLIENT=@OLD_CHARACTER_SET_CLIENT */;
/*!40101 SET CHARACTER_SET_RESULTS=@OLD_CHARACTER_SET_RESULTS */;
/*!40101 SET COLLATION_CONNECTION=@OLD_COLLATION_CONNECTION */;
